service_id,monday,tuesday,wednesday,thursday,friday,saturday,sunday,start_date,end_date
21065,1,1,1,1,1,1,0,20190901,20270831
21456,1,0,1,0,1,0,0,20190901,20270831
21459,0,1,0,1,0,1,0,20190901,20270831
21463,0,0,0,0,0,0,1,20190901,20270831
21467,0,0,0,0,0,0,1,20190901,20270831
21477,0,0,0,0,0,1,1,20190901,20270831
21940,1,1,1,1,1,1,1,20241201,20291201
22090,1,1,1,1,1,0,0,20190901,20270831
26348,1,1,1,1,1,1,0,20190901,20270831
56103,1,1,1,1,1,1,1,20241116,20250328
56104,0,0,0,0,0,1,0,20241116,20250328
59390,1,1,1,1,1,1,1,20241201,20291201
67750,1,0,1,0,1,0,0,20190901,20270831
67751,0,1,0,1,0,1,0,20190901,20270831
110808,0,0,0,0,0,0,1,20180701,20260226
111205,1,0,0,0,0,0,0,20180701,20260226
111206,1,0,0,0,0,0,0,20180701,20260226
111208,0,0,0,0,1,0,0,20180701,20260226
111209,0,0,0,0,1,0,0,20180701,20260226
111210,0,0,0,0,1,0,0,20180701,20260226
111222,0,1,0,0,1,0,0,20180701,20260226
112216,0,0,0,0,0,1,0,20180701,20260226
112217,0,0,0,0,0,1,0,20180701,20260226
117420,1,1,1,1,1,0,0,20190901,20270831
124921,1,1,1,1,1,0,0,20230101,20280630
128822,1,1,1,1,1,0,0,20180901,20261231
128829,1,1,1,1,1,0,0,20180901,20261231
130156,1,1,1,1,1,1,1,20190506,20261231
130157,0,0,0,0,0,1,1,20190506,20261231
130175,1,1,1,1,1,0,0,20190506,20261231
130176,1,1,1,1,1,0,0,20190506,20261231
130642,1,0,0,0,0,0,0,20190601,20260226
130643,0,1,1,1,1,0,0,20190601,20260226
130644,0,0,0,0,0,1,1,20190601,20260226
131377,0,1,0,0,0,0,0,20240915,20250514
131379,0,1,0,0,1,0,0,20240915,20250514
131380,0,0,0,0,1,0,0,20240915,20250514
131381,0,0,0,0,0,0,1,20240915,20250514
131382,0,1,0,0,1,0,0,20240915,20250514
131383,0,1,0,0,0,0,0,20240915,20250514
131385,0,0,0,0,1,0,0,20240915,20250514
131386,0,0,0,0,0,0,1,20240915,20250514
132861,1,1,1,1,0,0,0,20220901,20270831
132870,0,0,0,0,1,0,0,20220901,20270831
133024,0,1,0,0,0,0,0,20190701,20261231
133115,1,1,1,1,1,0,0,20190901,20270831
133241,1,1,1,1,1,0,0,20211101,20270831
133348,1,1,1,1,1,0,0,20220912,20270831
133749,1,1,1,1,1,1,0,20190901,20270831
133784,1,0,1,0,1,0,0,20200901,20270831
133818,1,1,1,1,1,1,0,20190901,20270831
133827,1,1,1,1,1,1,0,20200901,20270831
133903,0,0,0,0,0,0,1,20190901,20270831
133926,1,1,1,1,1,0,0,20221104,20270831
133931,0,0,0,0,0,1,0,20190901,20270831
133933,0,0,0,0,0,0,1,20190901,20270831
133943,0,0,0,0,0,0,1,20190901,20270831
133953,1,1,1,1,1,0,0,20190901,20270831
133961,1,1,1,1,1,0,0,20190901,20270831
134052,1,0,1,0,1,0,0,20190901,20270831
134055,0,1,0,1,0,1,0,20190901,20270831
134057,1,1,1,1,1,1,0,20230116,20270831
134300,1,1,1,1,1,1,0,20190901,20270831
134321,1,1,1,1,1,1,0,20190901,20270831
134335,1,1,1,1,1,1,0,20190901,20270831
134423,0,0,0,0,0,0,1,20190901,20270831
134460,0,1,0,0,1,0,0,20190901,20270831
134489,0,0,0,0,0,0,1,20190901,20270831
134634,1,1,1,1,1,1,0,20221114,20270831
134677,1,1,1,0,1,0,1,20190901,20270831
134691,0,0,0,0,0,1,0,20190901,20270831
134695,0,0,0,1,0,0,0,20190901,20270831
134706,1,1,1,1,1,1,0,20190901,20270831
134728,1,1,1,1,1,0,0,20190901,20270831
134760,1,1,1,1,1,1,0,20200901,20270831
134771,0,0,0,0,0,0,1,20190901,20270831
135189,1,1,1,1,1,1,0,20190901,20270831
135303,1,1,1,1,1,1,0,20200901,20270831
135333,0,0,0,0,0,0,1,20190901,20270831
135531,1,1,1,1,1,1,0,20190901,20270831
135547,1,1,1,1,1,1,0,20200901,20270831
135568,1,1,1,1,1,0,0,20190901,20270831
135595,1,1,1,1,1,1,1,20190901,20270831
135600,1,1,1,1,1,1,1,20190901,20270831
135629,1,1,1,1,1,1,1,20221201,20270831
135631,0,0,0,0,0,1,1,20190901,20270831
135632,0,0,0,0,0,1,1,20190901,20270831
135761,1,1,1,1,1,1,1,20190901,20270831
135877,0,0,0,0,0,0,1,20190901,20291031
137245,0,1,0,0,0,0,0,20241101,20250228
137246,0,1,0,0,1,0,1,20241101,20250228
137247,0,0,0,0,1,0,0,20241101,20250228
138394,1,1,1,1,1,1,0,20191001,20290930
138406,1,1,1,1,1,0,0,20191001,20290930
138407,1,1,1,1,1,0,0,20191001,20290930
138587,1,1,1,1,1,1,0,20200901,20270831
138635,1,1,1,1,1,0,0,20191014,20290930
139120,1,1,1,1,1,0,0,20240901,20270831
139129,0,0,0,0,1,0,0,20191028,20270831
139130,1,1,1,1,0,0,0,20191028,20270831
139262,1,1,1,1,1,0,0,20191028,20270831
139267,1,1,1,1,1,0,0,20191028,20270831
139268,1,1,1,1,1,0,0,20191028,20270831
139917,1,1,1,1,1,0,0,20220901,20270831
140282,1,1,1,1,1,0,0,20191118,20250621
140286,1,1,1,1,1,0,0,20191118,20250621
140287,1,1,1,1,1,0,0,20230901,20250621
141068,1,1,1,1,1,1,1,20191125,20260226
142345,0,0,0,1,0,0,0,20200101,20270831
142360,1,1,1,1,1,1,0,20200101,20270831
142361,1,1,1,1,1,1,0,20200101,20270831
142362,1,1,1,1,1,1,0,20200101,20270831
142539,1,0,1,1,0,1,0,20200101,20270831
142540,1,1,1,1,1,0,0,20200101,20270831
143228,1,1,1,1,1,1,0,20200120,20270831
143229,1,1,1,1,1,0,0,20201001,20260226
143230,1,1,1,1,1,1,0,20200901,20270831
143412,0,1,0,0,1,0,0,20201001,20260226
143413,1,0,1,1,0,0,0,20201001,20260226
143421,0,0,0,0,0,1,0,20201001,20260226
143426,1,1,1,1,1,0,0,20201001,20260226
143428,1,1,1,1,1,0,0,20201001,20260226
143468,1,1,1,1,1,1,0,20200120,20270831
143471,1,0,1,0,1,0,0,20200120,20270831
143472,0,1,0,1,0,1,0,20200120,20270831
143473,1,1,1,1,1,1,1,20200120,20270831
143477,0,0,0,0,0,0,1,20200120,20270831
143478,1,0,1,0,0,0,0,20200120,20270831
143479,0,1,0,1,1,0,0,20200120,20270831
143480,1,1,1,1,1,1,0,20200901,20270831
143482,1,1,1,1,1,1,1,20200120,20270831
143512,0,0,0,0,0,0,1,20200120,20270831
143513,1,1,1,1,1,1,0,20200120,20270831
143601,1,1,1,1,1,0,0,20240901,20250609
143707,1,1,1,1,1,0,0,20200201,20260226
143770,1,1,1,1,1,0,0,20200201,20260226
143774,1,1,1,1,1,0,0,20240901,20250609
143795,1,1,1,1,1,0,0,20200201,20260226
143823,1,1,1,1,1,0,0,20200201,20260226
143829,1,1,1,1,1,0,0,20200201,20260226
143830,0,0,0,0,0,1,1,20200201,20260226
143855,1,1,1,1,1,0,0,20200201,20260226
143856,1,1,1,1,1,0,0,20200201,20260226
144125,1,1,1,1,1,0,0,20191203,20290930
144432,1,1,1,1,1,0,0,20200302,20270831
144433,1,1,1,1,1,0,0,20200302,20270831
144694,0,0,0,0,0,1,0,20200201,20260226
144695,0,0,0,0,0,1,1,20200302,20270831
144696,0,0,0,0,1,0,0,20240901,20250531
144876,1,1,1,1,1,1,1,20230701,20280930
144953,1,1,1,1,1,1,0,20200222,20290930
144975,1,1,1,1,1,0,0,20200302,20270831
146200,1,1,1,1,1,0,0,20201019,20270831
146214,0,1,0,1,0,1,0,20211201,20270831
146736,1,1,1,1,1,1,1,20200401,20300331
146746,1,1,1,1,1,1,0,20200401,20300331
146747,1,1,1,1,1,1,1,20200401,20300331
146752,1,1,1,1,1,0,0,20221201,20300331
146753,0,0,0,0,0,1,1,20221201,20300331
146754,1,1,1,1,1,1,1,20221201,20300331
146757,1,1,1,1,1,1,1,20221201,20300331
146758,1,1,1,1,1,0,0,20221201,20300331
146759,0,0,0,0,0,1,1,20221201,20300331
146765,1,1,1,1,1,0,0,20221201,20300331
146766,1,1,1,1,1,1,1,20221201,20300331
146772,1,1,1,1,1,0,0,20200401,20300331
146777,1,1,1,1,1,0,0,20241028,20300331
146778,0,0,0,0,0,1,1,20241028,20300331
146792,1,1,1,1,1,0,0,20200401,20300331
146793,1,1,1,1,1,0,0,20200401,20300331
146797,1,1,1,1,1,1,1,20221201,20300331
150374,1,1,1,1,1,0,0,20200505,20300331
151474,1,1,1,1,1,0,0,20200518,20260226
152076,1,0,1,1,1,0,0,20200601,20260226
156836,1,1,1,1,1,1,0,20200822,20300331
156837,1,1,1,1,1,1,1,20200822,20300331
157215,1,1,1,1,1,0,0,20200907,20260226
157235,0,0,0,0,1,0,0,20200901,20300331
157336,1,1,1,1,1,1,1,20200901,20300331
157337,1,0,1,0,0,1,1,20200901,20300331
157338,0,1,0,1,0,0,0,20200901,20300331
157969,1,0,0,1,0,0,0,20201001,20260226
157971,0,0,1,0,0,0,0,20201001,20260226
157977,0,1,0,0,1,0,0,20201001,20260226
158408,1,1,1,1,1,0,0,20201005,20260226
158409,1,1,1,1,1,1,1,20201005,20260226
158484,1,0,0,0,0,0,0,20240901,20250630
158485,1,1,1,1,1,1,1,20240901,20250630
159140,1,1,1,1,1,0,0,20201005,20260226
159141,1,1,1,1,1,0,0,20201005,20260226
159146,0,0,0,0,0,1,0,20201005,20260226
159151,0,0,0,0,0,0,1,20201005,20260226
159284,1,1,1,1,1,0,0,20201010,20300331
159285,1,1,1,1,1,1,1,20201010,20300331
159288,1,1,1,1,1,0,0,20201010,20300331
159342,0,0,0,0,0,1,1,20201010,20300331
159343,0,0,0,0,0,1,1,20201010,20300331
159969,1,1,1,1,1,0,0,20201015,20260226
159973,0,0,0,0,0,1,0,20201015,20260226
160000,1,1,1,1,1,1,0,20240909,20270831
160215,1,1,1,1,1,0,0,20201101,20300331
161040,1,1,1,0,1,0,0,20201101,20250621
161843,1,1,1,1,1,1,1,20201201,20300331
161844,1,1,1,1,1,1,1,20201201,20300331
161852,1,1,1,1,1,1,1,20221201,20300331
162010,1,1,1,1,1,0,0,20201201,20260226
162489,1,1,1,1,1,0,0,20241016,20260226
162490,1,1,1,1,1,0,0,20241016,20260226
162757,1,1,1,1,1,0,0,20201204,20290930
162758,1,1,1,1,1,1,1,20201204,20290930
162759,1,1,1,1,1,1,1,20201204,20290930
162760,0,0,0,0,0,1,1,20201204,20290930
163437,0,0,1,0,0,0,0,20201213,20260226
163443,0,0,1,0,0,0,0,20201213,20260226
163506,1,1,1,1,1,1,1,20201212,20300331
163785,1,1,1,1,1,1,1,20201216,20290930
163787,1,1,1,1,1,1,1,20201216,20290930
163928,0,0,0,0,1,0,1,20201227,20251226
163976,1,1,1,1,1,0,0,20210111,20260226
163982,1,1,1,1,1,0,0,20210111,20260226
163984,1,1,1,1,1,0,0,20210111,20260226
164004,1,1,1,1,1,0,0,20210111,20260226
164006,1,1,1,1,1,0,0,20210111,20260226
164026,0,0,1,0,1,0,0,20210111,20260226
164086,1,1,1,1,1,0,0,20210111,20260226
164088,1,1,1,1,1,0,0,20210111,20260226
164089,1,1,1,1,1,0,0,20210111,20260226
164096,1,1,1,1,1,0,0,20210111,20260226
165026,1,1,1,1,1,0,0,20210101,20260226
165036,1,1,1,1,1,0,0,20220801,20260226
165065,1,1,1,1,1,0,0,20210101,20260226
165268,0,0,0,0,0,1,1,20211210,20260226
165269,0,0,0,0,0,1,1,20211210,20260226
165270,0,0,0,0,0,1,1,20211210,20260226
165271,0,0,0,0,0,1,1,20211210,20260226
165272,0,0,0,0,0,1,1,20211210,20260226
165508,1,1,1,1,1,1,1,20210128,20290930
165511,1,1,1,1,1,1,0,20210128,20290930
165513,1,1,1,1,1,1,1,20210128,20290930
165514,1,1,1,1,1,1,1,20210128,20290930
165526,1,1,1,1,1,0,0,20211025,20290930
165540,1,1,1,1,1,1,1,20210128,20290930
165915,1,1,1,1,1,1,1,20210305,20260304
166106,1,1,1,1,1,0,0,20170701,20260226
166170,1,1,1,1,1,0,0,20210215,20260226
166288,1,1,1,1,1,0,0,20230701,20280930
166322,1,1,1,1,1,1,1,20230701,20280930
166515,1,1,1,1,1,1,0,20210301,20250621
166516,1,1,1,1,1,0,0,20210301,20250621
166518,0,0,1,0,0,0,0,20210301,20250621
166520,1,1,1,1,1,0,0,20240901,20250609
166530,1,1,1,1,1,0,0,20240601,20260226
166531,1,1,1,1,1,0,0,20240601,20260226
166532,1,1,1,1,1,0,0,20240601,20260226
166533,1,1,1,1,1,0,0,20240601,20260226
166534,1,1,1,1,1,0,0,20240601,20260226
166556,1,1,1,1,1,0,0,20210308,20260226
166563,1,1,1,1,1,0,0,20210301,20250621
166564,1,1,1,1,1,0,0,20210301,20250621
166565,0,0,0,0,1,0,0,20210301,20250621
166566,0,0,0,0,1,0,0,20210301,20250621
166567,1,1,1,1,1,0,0,20230123,20250621
166568,1,1,1,1,1,0,0,20240901,20250609
166569,1,1,1,1,1,1,0,20210301,20250621
166578,1,1,1,1,1,0,0,20210308,20260226
166694,1,1,1,1,1,1,0,20230701,20280930
166933,1,1,1,1,1,0,0,20230701,20280930
166934,1,1,1,1,1,1,1,20230701,20280930
167459,1,1,1,1,1,0,0,20210322,20270831
167461,1,1,1,1,1,0,0,20210322,20270831
167467,1,0,1,0,1,0,0,20210322,20270831
167468,0,1,0,1,0,1,0,20210322,20270831
167536,0,1,0,1,0,1,0,20210322,20270831
167543,0,0,0,0,0,0,1,20210322,20270831
168147,1,1,1,1,1,1,1,20210315,20290930
168174,1,1,1,1,1,1,1,20231025,20280930
168278,0,0,0,0,0,1,1,20231025,20280930
168420,1,1,0,0,0,0,0,20250201,20300930
168584,0,0,0,0,0,0,1,20210601,20250617
168668,1,1,1,1,1,0,0,20230701,20280930
168810,1,1,1,1,1,1,1,20210501,20250630
168914,1,1,1,1,1,0,0,20210412,20260226
169092,1,1,1,1,1,1,1,20230701,20280930
169272,1,1,1,1,1,1,0,20210628,20260403
169366,1,1,1,1,1,1,1,20230701,20280930
169367,0,0,1,0,0,0,0,20210402,20260226
169370,0,0,0,0,0,0,1,20230701,20280930
169372,1,1,1,1,1,1,0,20230701,20280930
169549,1,1,1,1,1,1,0,20230701,20250228
169578,0,0,0,0,0,1,1,20210501,20260226
169580,0,0,0,0,0,1,0,20210501,20260226
169585,1,1,1,1,1,0,0,20210501,20260226
169588,0,0,0,0,0,1,0,20210501,20260226
169598,1,1,1,1,1,0,0,20210501,20260226
169763,1,1,1,1,1,0,0,20230701,20250331
169766,1,1,1,1,1,0,0,20230701,20280930
169816,1,1,1,1,1,0,0,20230701,20280930
169942,1,1,1,1,1,1,0,20230701,20280930
169950,1,1,1,1,1,1,0,20230701,20280930
170083,1,1,1,1,1,0,0,20210501,20260226
170084,1,1,1,1,1,0,0,20250201,20300930
170102,1,1,1,1,1,1,1,20230701,20280930
170118,0,0,0,0,0,1,0,20210501,20260226
170126,0,0,0,0,0,1,1,20210501,20260226
170129,0,0,0,0,0,1,0,20210501,20260226
170130,1,1,1,1,1,0,0,20210501,20260226
170299,1,1,1,1,1,0,0,20230701,20280930
170349,0,1,0,0,1,0,0,20230701,20280930
170355,1,1,1,1,1,0,0,20230701,20280930
170477,1,1,1,1,1,1,1,20230701,20280930
170527,1,0,0,0,0,0,0,20250201,20300930
170535,1,1,1,1,1,1,1,20210814,20300331
170536,1,1,1,1,1,1,1,20210814,20300331
170537,1,1,1,1,1,0,0,20210814,20300331
170549,1,1,1,1,1,1,1,20210423,20300331
170560,1,1,1,1,1,0,0,20210501,20260226
170599,1,1,1,1,1,0,0,20210501,20260226
170604,1,1,1,1,1,1,0,20210501,20260226
170609,0,0,0,0,0,1,1,20210501,20260226
170621,1,1,1,1,1,1,1,20210501,20260226
170803,1,1,1,1,1,0,0,20230701,20280930
170804,1,1,1,1,1,0,0,20230701,20280930
170990,0,0,0,0,1,0,0,20210501,20261231
170991,1,1,1,1,1,1,0,20230701,20280930
170994,1,1,1,1,1,0,0,20210501,20261231
171005,1,1,1,1,1,0,0,20210501,20261231
171023,1,1,1,1,1,0,0,20230701,20280930
171159,0,0,0,0,0,1,0,20230701,20280930
171166,1,1,1,1,1,0,0,20250201,20300930
171167,1,1,1,1,1,1,1,20250201,20300930
171168,1,1,1,1,1,1,1,20250201,20300930
171169,1,1,1,1,1,1,1,20250201,20300930
171174,1,1,1,1,1,0,0,20250201,20300930
171179,1,0,0,0,0,0,0,20250201,20300930
171183,0,1,0,0,0,0,0,20250201,20300930
171213,0,0,1,0,0,0,0,20250201,20300930
171317,1,1,1,1,1,0,0,20230701,20280930
171324,1,1,1,1,0,0,0,20250201,20300930
171332,1,1,1,1,1,1,1,20230701,20280930
171411,0,1,1,1,1,0,0,20250201,20250228
171417,1,1,1,1,1,0,0,20250201,20300930
171418,0,0,1,0,1,0,0,20250201,20300930
171441,1,1,1,1,0,0,0,20250201,20300930
171444,1,1,1,1,1,0,0,20250201,20300930
171447,0,0,1,0,1,0,0,20250201,20300930
171448,0,0,0,0,1,0,0,20250201,20300930
171895,1,1,1,1,1,0,0,20210501,20300331
171896,1,1,1,1,1,1,1,20210501,20300331
171897,1,1,1,1,1,1,1,20210501,20300331
171898,1,1,1,1,1,1,1,20210501,20300331
171905,1,1,1,1,1,1,1,20210501,20300331
171906,1,1,1,1,1,1,1,20210501,20300331
171907,1,1,1,1,1,1,1,20210501,20300331
171909,1,1,1,1,1,1,1,20210501,20300331
171921,1,1,1,1,1,1,1,20210501,20300331
171922,1,1,1,1,1,0,0,20210501,20300331
171923,0,0,0,0,0,1,1,20210501,20300331
171924,1,1,1,1,1,0,0,20210501,20300331
171925,1,1,1,1,1,1,1,20210501,20300331
171926,1,1,1,1,1,0,0,20210501,20300331
171986,1,1,1,1,1,0,0,20230701,20280930
171987,1,1,1,1,1,0,0,20230701,20280930
172042,1,1,1,1,1,0,0,20230701,20280930
172091,1,1,1,1,1,0,0,20230701,20280930
172124,1,1,1,1,1,0,0,20230701,20280930
172138,1,1,1,1,1,0,0,20230701,20280930
172216,0,0,0,0,1,0,0,20241101,20250228
172217,0,1,0,0,1,0,1,20241101,20250228
172218,0,1,0,0,0,0,0,20241101,20250228
172224,1,0,1,0,1,0,0,20230701,20280930
172305,1,1,1,1,1,0,0,20230701,20280930
172334,0,0,0,0,0,1,1,20230701,20280930
172674,1,1,1,1,1,1,0,20230701,20280930
172677,1,1,1,1,1,0,0,20230701,20280930
172694,0,0,0,0,0,1,1,20230701,20280930
172695,1,1,1,1,1,1,1,20230701,20280930
172697,1,1,1,1,1,0,0,20230701,20280930
172716,1,1,1,1,1,1,1,20230701,20280930
172717,1,1,1,1,1,0,0,20250201,20290630
172719,1,1,1,1,1,1,1,20230701,20280930
172729,1,0,0,0,0,0,0,20230710,20250331
172735,1,1,1,1,1,1,0,20250201,20290630
172738,0,0,1,0,1,0,0,20230701,20280930
172800,1,1,1,1,1,1,0,20250201,20290630
172939,1,1,1,1,1,0,0,20241021,20260226
172940,1,1,1,1,1,0,0,20241021,20260226
172941,1,1,1,1,1,0,0,20241021,20260226
172942,1,1,1,1,1,0,0,20241021,20260226
172943,1,1,1,1,1,0,0,20241021,20260226
172944,1,1,1,1,1,0,0,20241021,20260226
172945,1,1,1,1,1,0,0,20241021,20260226
172946,1,1,1,1,1,0,0,20241021,20260226
172947,1,1,1,1,1,0,0,20241021,20260226
172965,1,1,1,1,1,1,1,20230701,20280930
172966,1,1,1,1,1,1,1,20230701,20280930
172967,1,1,1,1,1,1,1,20230701,20280930
173017,1,1,1,1,1,1,0,20230701,20280930
173018,1,1,1,1,1,0,0,20230701,20280930
173019,1,1,1,1,1,0,0,20230701,20280930
173069,1,1,1,1,1,0,0,20230701,20280930
173070,0,0,0,0,0,1,1,20230701,20280930
173071,0,0,0,0,0,1,1,20230701,20280930
173098,0,0,0,0,0,0,1,20230701,20280930
173127,1,1,1,1,1,0,0,20230701,20280930
173129,0,1,0,0,0,1,0,20210601,20260226
173199,0,0,0,0,1,0,1,20210601,20260226
173200,1,1,1,1,1,1,1,20250201,20290630
173292,1,1,1,1,1,1,0,20210601,20260226
173293,0,0,0,0,0,1,1,20250201,20290630
173350,1,1,1,1,1,0,0,20230701,20280930
173356,1,1,1,1,1,1,1,20250201,20290630
173357,1,1,1,1,1,1,1,20250201,20290630
173370,1,1,1,1,1,1,1,20250201,20290630
173390,1,1,1,1,1,0,0,20231025,20280930
173395,1,1,1,1,1,1,0,20250201,20290630
173465,1,1,1,1,1,1,1,20231025,20280930
173468,1,1,1,1,1,1,0,20250201,20290630
173472,1,1,1,1,1,0,0,20250201,20290630
173497,1,1,1,1,1,0,0,20230701,20280930
173498,1,1,1,1,1,0,0,20230701,20280930
173500,1,1,1,1,1,0,1,20230701,20280930
173501,1,1,1,1,1,0,1,20230701,20280930
173505,1,1,1,1,1,1,1,20230701,20280930
173973,1,1,1,1,1,1,0,20210628,20270831
175524,0,0,0,0,0,1,0,20240701,20260226
175525,0,0,0,0,0,1,0,20240701,20260226
175526,0,0,0,0,0,1,0,20240701,20260226
175541,0,0,0,0,0,1,0,20210901,20260226
177175,0,0,0,0,0,1,0,20240701,20260226
177176,0,0,0,0,0,1,0,20240701,20260226
177177,0,0,0,0,0,1,0,20240701,20260226
178229,1,1,1,1,1,1,0,20210901,20261231
178433,0,0,0,0,0,0,1,20240701,20260226
178434,0,0,0,0,0,0,1,20240701,20260226
178435,0,0,0,0,0,0,1,20240701,20260226
178446,0,0,0,0,0,0,1,20240701,20260226
178447,0,0,0,0,0,0,1,20240701,20260226
178448,0,0,0,0,0,0,1,20240701,20260226
178449,0,0,0,0,0,0,1,20210901,20260226
178503,1,1,1,1,1,0,0,20210815,20260814
179141,1,1,1,1,1,0,0,20210822,20260226
179225,1,1,1,1,1,1,1,20210902,20260226
179229,1,1,1,1,1,0,0,20210902,20260226
179230,1,1,1,1,1,1,1,20210902,20260226
179231,0,0,0,0,0,1,1,20210902,20260226
179237,1,1,1,1,1,1,1,20241016,20260226
179238,1,1,1,1,1,1,1,20241016,20260226
179239,1,1,1,1,1,1,1,20241016,20260226
179240,1,1,1,1,1,1,1,20241016,20260226
179241,1,1,1,1,1,1,1,20241016,20260226
179263,1,1,1,1,1,1,1,20210902,20260226
179312,0,0,0,0,0,1,1,20210901,20260226
179313,0,0,0,0,0,1,1,20210901,20260226
179314,0,0,0,0,0,1,1,20210901,20260226
179315,0,0,0,0,0,1,1,20210901,20260226
179316,0,0,0,0,0,1,1,20210901,20260226
179317,0,0,0,0,0,1,1,20210901,20260226
180715,1,1,1,1,1,0,0,20210913,20270831
180942,0,0,0,0,0,1,0,20210918,20270831
181031,1,1,1,1,1,0,0,20210913,20270831
181166,1,1,1,1,1,0,0,20210915,20260226
181544,1,1,1,1,1,0,0,20210915,20260226
181607,1,1,1,1,1,0,0,20240901,20250609
181608,1,1,1,1,1,0,0,20240901,20250609
181698,1,1,1,1,1,1,1,20210921,20260920
181770,1,1,1,1,1,0,0,20200201,20260226
182188,1,1,1,1,1,0,0,20210927,20270831
182189,1,1,1,1,1,0,0,20210927,20270831
182272,1,1,1,1,1,0,0,20211001,20260226
182273,0,0,0,0,0,1,1,20211001,20260226
182691,1,1,1,1,1,1,0,20210925,20300331
182692,1,1,1,1,1,1,1,20210925,20300331
182774,0,0,0,0,1,0,0,20250421,20260226
182785,0,0,0,0,0,0,1,20250421,20260226
183001,1,1,1,1,1,1,1,20210929,20251226
183002,1,1,1,1,1,1,0,20210929,20251226
183653,1,1,1,1,1,0,0,20250201,20260226
183675,1,1,1,1,1,0,0,20211015,20260226
183800,1,1,1,1,1,1,1,20211015,20290930
184122,1,1,1,1,1,1,1,20211021,20290930
184123,1,1,1,1,1,0,0,20211021,20290930
184214,0,0,0,0,1,0,1,20211021,20261020
184215,1,1,1,1,1,1,1,20211021,20261020
184856,0,0,0,0,1,0,1,20211117,20261116
184906,0,0,0,0,0,1,1,20211111,20300331
184909,1,1,1,1,1,0,0,20211111,20300331
184913,0,0,0,0,0,0,1,20211111,20300331
185233,1,1,1,1,1,0,1,20211115,20260226
185234,1,1,1,1,1,0,0,20211115,20260226
185238,1,1,1,1,1,0,0,20211115,20260226
185245,1,0,1,0,1,0,0,20211115,20260226
185246,0,1,0,1,0,1,0,20211115,20260226
185249,1,1,1,1,1,0,0,20211115,20260226
185277,1,1,1,1,1,1,1,20241027,20250330
185278,1,1,1,1,1,1,1,20241027,20250330
185526,1,1,1,1,1,1,1,20220101,20261231
185527,1,1,1,1,1,1,0,20220101,20261231
185528,1,1,1,1,1,1,1,20220101,20261231
185547,1,1,1,1,1,1,0,20220101,20261231
185552,1,1,1,1,1,1,1,20220101,20261231
185555,1,1,1,1,1,1,1,20220101,20261231
185701,1,0,1,0,1,0,0,20230701,20280930
185705,0,1,0,1,0,0,0,20230701,20280930
185706,0,0,0,1,0,0,0,20250201,20260226
185721,1,1,1,1,1,1,1,20220101,20261231
185750,1,0,1,0,1,0,1,20211201,20270831
185763,1,1,1,1,1,0,0,20211201,20260226
185818,0,0,0,1,0,0,0,20211201,20260226
185889,1,1,1,1,1,0,0,20250201,20260226
185890,0,0,0,0,0,1,1,20250201,20260226
185920,1,0,1,0,1,0,0,20250201,20260226
185922,0,1,0,1,0,0,0,20250201,20260226
185930,0,0,0,0,0,1,1,20250201,20260226
186013,1,1,1,1,1,1,1,20211201,20300131
186048,0,0,0,0,0,1,0,20250201,20260226
186070,0,0,0,0,0,0,1,20250201,20260226
186074,0,0,0,0,0,1,0,20250201,20260226
186075,1,1,1,1,1,0,0,20250201,20260226
186082,1,1,1,1,1,0,0,20250201,20260226
186085,0,0,0,0,0,1,0,20250201,20260226
186086,0,0,0,0,0,0,1,20250201,20260226
186088,1,1,1,1,1,0,0,20250201,20260226
186307,1,1,1,1,1,0,0,20250201,20260226
186308,1,1,1,1,1,0,0,20250201,20260226
186409,1,1,1,1,1,0,0,20240601,20260226
186423,0,0,0,0,1,0,0,20240901,20250609
186424,1,1,1,1,0,0,0,20240901,20250609
186425,1,1,1,1,1,0,0,20240601,20260226
186429,0,0,0,0,0,1,0,20230301,20260226
186432,0,0,0,0,0,0,1,20230301,20260226
186433,1,1,1,1,1,0,0,20230301,20260226
186549,1,1,1,1,1,1,1,20220101,20261231
186569,1,1,1,1,1,1,1,20220101,20261231
186570,1,1,1,1,1,1,1,20220101,20261231
186575,0,0,0,0,0,1,1,20220526,20260226
186576,0,0,0,0,0,1,1,20220526,20260226
186577,0,0,0,0,0,1,1,20220526,20260226
186578,0,0,0,0,0,1,1,20220526,20260226
186579,0,0,0,0,0,1,1,20220526,20260226
186580,0,0,0,0,0,1,1,20220526,20260226
186581,0,0,0,0,0,1,1,20220526,20260226
186815,1,1,1,1,1,0,0,20240901,20250609
186823,0,0,0,0,0,0,1,20220330,20261231
186826,1,1,1,1,1,1,1,20220101,20261231
186828,1,1,1,1,1,1,1,20220101,20261231
186949,1,1,1,1,1,1,1,20211211,20290930
186950,1,1,1,1,1,0,0,20211211,20290930
187012,0,0,0,0,0,1,1,20211210,20260226
187013,0,0,0,0,0,1,1,20211210,20260226
187014,0,0,0,0,0,1,1,20211210,20260226
187015,0,0,0,0,0,1,1,20211210,20260226
187162,1,1,1,1,1,1,1,20220303,20250617
187332,1,1,1,1,1,0,0,20211208,20260226
187357,1,1,1,1,1,0,0,20220101,20260226
187731,1,1,1,1,1,1,1,20210102,20250617
188579,1,1,1,1,1,0,0,20230614,20291231
188605,1,0,1,1,1,0,0,20220101,20291231
188677,1,1,1,1,1,0,0,20240902,20250609
188701,1,1,1,1,1,0,0,20220101,20291231
188710,0,1,0,0,0,0,0,20220101,20291231
188865,1,1,0,1,1,0,0,20220110,20260226
188873,1,1,0,1,1,0,0,20220110,20260226
188892,1,1,1,1,1,0,0,20220110,20260226
188911,1,1,1,1,1,0,0,20241016,20260226
188913,1,1,1,1,1,1,1,20241016,20260226
189318,1,1,1,1,1,0,0,20220201,20260226
189380,0,0,0,0,1,0,0,20220201,20260226
189381,1,0,0,0,0,0,0,20220201,20260226
189383,1,0,0,0,1,0,0,20220201,20260226
189384,0,0,0,0,1,0,0,20220201,20260226
189385,1,0,0,0,0,0,0,20220201,20260226
189395,1,1,1,1,1,0,0,20220201,20260226
189402,1,1,1,1,1,0,0,20220201,20260226
189405,1,1,1,1,1,0,0,20220201,20260226
189667,0,0,0,0,0,1,0,20250201,20260226
189668,0,0,0,0,0,0,1,20250201,20260226
189689,1,1,1,1,1,0,0,20230401,20250630
189701,1,1,1,0,1,0,0,20240901,20291231
189702,0,0,0,1,0,0,0,20240901,20291231
189728,1,1,1,1,1,0,0,20220301,20260226
189763,1,1,1,1,1,0,0,20250201,20260226
189770,0,1,0,0,0,0,0,20220902,20260226
189775,0,1,0,1,0,0,0,20250201,20260226
190122,1,1,1,1,0,0,0,20220301,20260226
190150,1,1,1,1,1,1,1,20220221,20260131
190280,1,1,1,1,1,0,0,20241001,20250612
190721,1,1,1,1,1,0,0,20250201,20260226
190816,0,0,0,0,0,1,0,20250201,20260226
190825,1,1,1,1,1,0,0,20241016,20260226
190988,1,1,1,1,1,0,0,20220301,20260226
190989,0,0,0,0,0,1,0,20220301,20260226
190991,0,0,0,0,0,0,1,20220301,20260226
191111,1,1,1,1,1,1,1,20220307,20290930
191112,1,1,1,1,1,0,0,20220307,20290930
191123,1,1,1,1,1,0,0,20250201,20260226
191132,1,1,1,1,1,0,0,20250201,20260226
191147,0,0,0,0,0,1,0,20250201,20260226
191156,0,0,0,0,0,1,1,20230301,20300331
191220,1,1,1,1,1,0,0,20220401,20300331
191221,0,0,0,0,0,1,1,20220401,20300331
191222,0,0,0,0,0,1,1,20220401,20300331
191223,1,1,1,1,1,0,0,20220401,20300331
191224,1,1,1,1,1,0,0,20240901,20250606
191232,0,0,0,0,0,1,0,20220401,20300331
191233,0,0,0,0,0,1,0,20220401,20300331
191235,1,0,1,0,1,0,0,20220401,20300331
191236,0,1,0,1,0,0,0,20220401,20300331
191237,0,0,0,0,0,1,0,20220401,20300331
191244,1,1,1,1,1,0,0,20240901,20250609
191245,1,1,1,1,1,0,0,20220401,20300331
191246,1,0,0,1,0,0,0,20240901,20250609
191247,0,0,0,0,0,1,1,20220401,20300331
191248,0,0,0,0,0,1,1,20220401,20300331
191249,0,0,0,0,0,1,1,20220401,20300331
191256,1,1,1,1,1,0,0,20240901,20250609
191274,1,1,1,1,1,0,0,20240901,20250609
191280,0,1,0,1,0,0,0,20220401,20300331
191298,0,0,0,0,0,1,0,20220401,20300331
191307,1,0,0,1,0,0,0,20220401,20300331
191316,1,1,1,1,1,0,0,20220401,20300331
191317,0,1,0,0,1,0,0,20220401,20300331
191409,1,1,1,1,1,0,0,20250201,20260226
191410,1,1,1,1,1,0,0,20250201,20260226
191471,1,1,1,1,1,0,0,20220401,20260226
191500,1,1,1,1,1,0,0,20250201,20260226
191501,0,0,0,0,0,1,1,20250201,20260226
191527,1,1,1,1,1,0,0,20250201,20260226
191528,1,1,1,1,1,0,0,20250201,20260226
191529,0,0,0,0,0,1,1,20250201,20260226
191530,0,0,0,0,0,1,1,20250201,20260226
191556,1,1,1,1,1,0,0,20250201,20260226
191749,1,1,1,1,1,1,1,20220404,20260226
191758,1,1,1,1,1,0,0,20220401,20260226
191951,1,1,1,1,1,1,1,20220404,20260226
191954,0,0,0,0,0,0,1,20220404,20260226
191965,1,1,1,1,1,0,0,20220404,20260226
191969,1,1,1,1,1,1,0,20220404,20260226
191973,1,1,1,1,1,1,1,20220404,20260226
192227,1,1,1,1,1,0,0,20250201,20260226
192228,1,1,1,1,1,0,0,20250201,20260226
192281,1,1,1,1,1,1,1,20220501,20270430
192446,1,1,1,1,1,0,0,20220411,20300331
192641,1,1,1,1,1,1,0,20220425,20270831
192860,1,1,1,1,1,1,0,20220509,20250712
192861,0,0,0,0,1,1,1,20220509,20260131
192862,0,0,0,0,1,1,1,20220509,20260131
192864,0,0,0,0,0,1,1,20220509,20270508
192902,1,1,1,1,1,0,0,20220501,20260226
192906,1,1,1,1,1,1,0,20220501,20260226
192907,1,1,1,1,1,1,0,20220501,20260226
192909,1,1,0,1,1,0,0,20220501,20260226
193525,0,0,0,0,0,1,0,20220509,20250712
193804,0,1,0,0,1,0,1,20250301,20250514
193805,0,0,0,0,1,0,0,20250301,20250514
193806,0,1,0,0,0,0,0,20250301,20250514
194064,0,0,0,0,0,0,1,20220601,20260226
194238,0,0,0,0,0,0,1,20220601,20260226
194584,1,1,1,1,1,1,0,20220601,20260226
194586,1,1,1,1,1,1,1,20220601,20260226
194591,1,1,1,1,1,0,0,20220601,20260226
194631,1,1,1,1,1,1,1,20220601,20260226
194764,1,1,1,1,1,1,1,20220613,20270612
194855,0,0,0,0,0,1,1,20250201,20260226
194871,0,0,0,0,0,1,0,20220601,20260226
194970,1,1,1,1,1,1,0,20220601,20260226
194971,0,0,0,0,0,0,1,20220601,20260226
194972,1,1,1,1,1,1,1,20220601,20260226
194985,1,1,1,1,1,0,0,20220601,20260226
194986,1,1,1,1,1,0,0,20240108,20260226
194991,1,1,1,1,1,1,1,20220601,20260226
194995,1,1,1,1,1,1,1,20220601,20260226
195006,0,0,0,0,0,1,1,20220601,20260226
195132,0,0,0,0,0,1,0,20240601,20260226
195133,0,0,0,0,0,1,0,20240601,20260226
195134,0,0,0,0,0,1,0,20240601,20260226
195135,0,0,0,0,0,1,0,20240601,20260226
195136,0,0,0,0,0,1,0,20240601,20260226
195137,0,0,0,0,0,1,0,20240601,20260226
195138,0,0,0,0,0,1,0,20240601,20260226
195139,0,0,0,0,0,1,0,20240601,20260226
195140,0,0,0,0,0,1,0,20240601,20260226
195141,0,0,0,0,0,1,0,20240601,20260226
195142,0,0,0,0,0,0,1,20240601,20260226
195143,0,0,0,0,0,0,1,20240601,20260226
195144,0,0,0,0,0,0,1,20240601,20260226
195145,0,0,0,0,0,0,1,20240601,20260226
195146,0,0,0,0,0,0,1,20240601,20260226
195147,0,0,0,0,0,0,1,20240601,20260226
195148,0,0,0,0,0,0,1,20240601,20260226
195149,0,0,0,0,0,0,1,20240601,20260226
195150,0,0,0,0,0,0,1,20240601,20260226
195151,0,0,0,0,0,0,1,20240601,20260226
195942,1,1,1,1,1,1,0,20220614,20260226
196063,1,1,1,1,1,1,1,20220630,20250518
196335,1,1,1,0,1,1,0,20220614,20260226
196336,0,0,0,1,0,0,0,20220614,20260226
196342,1,1,1,1,1,0,1,20220614,20260226
196343,1,1,1,1,1,0,0,20230615,20260226
196384,1,1,1,1,1,0,0,20220614,20260226
196385,0,0,0,0,0,0,1,20220614,20260226
196386,1,1,1,1,1,0,0,20220614,20260226
196389,1,1,1,1,1,0,1,20220614,20260226
196390,1,1,1,1,1,0,0,20220614,20260226
196405,0,0,0,0,0,1,0,20220614,20260226
196497,1,1,1,1,1,0,0,20220614,20260226
196519,1,1,1,1,1,1,1,20220627,20250913
196939,0,0,0,0,0,1,0,20220901,20260226
196940,0,0,0,0,0,1,0,20220901,20260226
196941,0,0,0,0,0,1,0,20220901,20260226
196942,0,0,0,0,0,1,0,20220901,20260226
196969,1,1,1,1,1,1,1,20231211,20300331
196970,1,1,1,1,1,1,1,20231211,20300331
197216,1,1,1,1,1,0,0,20220718,20260226
198040,1,1,1,1,1,1,1,20220730,20290930
198917,1,1,1,1,1,0,0,20250201,20260226
198918,0,0,0,0,0,1,0,20250201,20260226
199089,1,1,1,1,1,0,0,20250217,20250609
199322,1,0,1,0,1,0,0,20250201,20260226
199323,0,1,0,1,0,0,0,20250201,20260226
199324,0,0,0,0,0,1,0,20250201,20260226
199325,0,0,0,0,0,0,1,20250201,20260226
199339,1,1,1,1,1,0,0,20250201,20260226
199340,1,1,1,1,1,0,0,20250201,20260226
199341,0,0,0,0,0,1,0,20250201,20260226
199356,0,0,0,1,0,0,0,20250201,20260226
199534,1,1,1,1,1,0,0,20250201,20260226
199535,0,0,0,0,0,1,0,20250201,20260226
199543,0,1,0,0,0,0,0,20250201,20260226
199655,1,1,1,1,1,1,1,20230901,20270831
199656,0,0,0,0,0,0,1,20220901,20260226
199657,0,0,0,0,0,0,1,20220901,20260226
199658,0,0,0,0,0,0,1,20220901,20260226
199659,0,0,0,0,0,0,1,20220901,20260226
199663,0,0,0,0,0,1,0,20241021,20260226
199664,0,0,0,0,0,1,0,20241021,20260226
199665,0,0,0,0,0,1,0,20241021,20260226
199666,0,0,0,0,0,1,0,20241021,20260226
199667,0,0,0,0,0,1,0,20241021,20260226
199679,1,1,1,1,1,0,0,20250201,20260226
199716,1,1,1,1,1,1,1,20230901,20270831
199745,1,1,1,1,1,1,1,20220822,20260226
199841,1,1,1,1,1,1,1,20220822,20270821
199979,1,1,1,1,1,1,1,20220822,20270830
200055,1,1,1,1,1,0,0,20250201,20260226
200056,0,0,0,0,0,1,1,20250201,20260226
200114,1,1,1,1,1,0,0,20220901,20260226
200115,1,1,1,1,1,1,0,20220901,20260226
200361,0,0,0,0,0,1,1,20220901,20291231
200433,1,1,1,1,1,0,0,20220901,20261231
200731,1,1,1,1,1,1,1,20241201,20291201
201116,0,0,0,0,0,1,0,20240909,20260226
201117,0,0,0,0,0,1,0,20240909,20260226
201118,1,1,1,1,1,0,0,20220909,20260226
201122,1,1,1,1,1,0,0,20250303,20260226
201123,1,1,1,1,1,0,0,20250303,20260226
201124,1,1,1,1,1,0,0,20250303,20260226
201125,1,1,1,1,1,0,0,20250224,20250302
201126,1,1,1,1,1,0,0,20250224,20250302
201127,0,0,0,0,0,1,0,20250224,20250302
201130,0,0,0,0,0,1,1,20220909,20260226
201203,1,0,1,0,1,1,1,20220912,20270831
201213,0,1,0,1,0,0,0,20220912,20270831
201276,1,1,1,1,1,1,1,20220912,20260131
201397,1,1,1,1,1,0,0,20221001,20260226
201398,1,1,1,1,1,0,0,20221001,20260226
201399,1,1,1,1,1,0,0,20221001,20260226
201400,1,1,1,1,1,0,0,20221001,20260226
201401,1,1,1,1,1,0,0,20221001,20260226
201402,1,1,1,1,1,0,0,20221001,20260226
201403,1,1,1,1,1,0,0,20221001,20260226
201404,1,1,1,1,1,0,0,20221001,20260226
201405,1,1,1,1,1,0,0,20221001,20260226
201406,1,1,1,1,1,0,0,20221001,20260226
201407,1,1,1,1,1,0,0,20221001,20260226
201408,1,1,1,1,1,0,0,20221001,20260226
201409,1,1,1,1,1,0,0,20221001,20260226
201410,1,1,1,1,1,0,0,20221001,20260226
201411,1,1,1,1,1,0,0,20221001,20260226
201678,1,0,0,0,0,0,0,20250201,20260226
201679,1,0,0,0,0,0,0,20250201,20260226
201833,1,1,1,1,1,1,0,20221003,20270831
201834,1,1,1,1,1,1,0,20221003,20270831
201901,1,1,1,1,1,1,0,20221003,20260226
201902,1,1,1,1,1,0,0,20221003,20260226
201906,0,0,0,0,0,0,1,20250201,20260226
201966,1,1,1,1,1,0,0,20221003,20270831
202212,1,1,1,1,1,0,0,20250201,20260226
202213,1,0,1,1,1,0,0,20250201,20260226
202248,1,1,1,1,1,1,1,20220630,20250518
202484,1,1,1,1,1,0,0,20221001,20250621
202526,1,1,1,1,1,1,1,20250401,20250930
202527,1,1,1,1,1,1,1,20250401,20250930
202528,0,0,0,0,1,0,0,20241001,20250331
202529,1,1,1,1,1,1,1,20241001,20250331
202530,1,1,1,1,0,1,1,20241001,20250331
202903,1,1,1,1,1,1,1,20221012,20300331
202957,0,0,0,0,0,1,1,20221001,20291231
202975,1,1,1,1,1,0,0,20230101,20280630
203002,0,0,0,0,1,0,0,20221001,20291231
203017,0,1,0,0,0,0,0,20240613,20291231
203018,0,1,0,0,0,0,0,20240613,20291231
203021,0,0,0,0,1,0,0,20221001,20291231
203162,1,1,1,1,1,0,0,20230101,20280630
203301,1,1,1,1,1,0,0,20221017,20250930
203328,0,1,0,0,0,0,0,20250201,20260226
203329,0,1,0,0,0,0,0,20250201,20260226
203330,0,0,1,1,1,0,0,20250201,20260226
203331,0,0,1,1,1,0,0,20250201,20260226
203332,0,0,0,0,0,1,0,20250201,20260226
203339,1,1,1,1,1,0,0,20250201,20260226
203340,1,1,1,1,1,0,0,20250201,20260226
203341,0,0,0,0,0,1,0,20250201,20260226
203345,0,0,0,0,0,1,1,20250201,20260226
203346,0,1,0,0,0,0,0,20250201,20260226
203358,0,0,0,0,0,1,0,20250201,20260226
203359,0,0,0,0,0,1,0,20250201,20260226
203459,1,1,1,1,1,0,0,20241015,20250414
203460,0,0,0,0,0,1,1,20241015,20250414
203751,1,1,1,1,1,0,0,20230701,20280930
203755,1,1,1,1,1,0,0,20230701,20280930
203992,1,1,1,1,1,0,0,20221031,20260226
203995,1,1,1,1,1,1,1,20221031,20260226
203996,0,0,0,0,0,1,0,20221031,20260226
203997,0,0,0,0,0,0,1,20221031,20260226
203998,0,0,0,0,0,1,1,20221031,20260226
204001,1,1,1,1,1,0,0,20221031,20260226
204143,1,1,1,1,1,0,0,20221101,20260226
204167,0,0,0,0,1,0,1,20221101,20260210
204169,1,1,1,1,1,1,0,20221101,20260210
204173,1,1,1,1,1,1,0,20221101,20260210
204174,1,1,1,1,1,1,1,20221101,20260928
204606,1,1,1,1,1,0,0,20221114,20270831
204804,1,1,1,1,1,1,1,20221114,20260226
204878,1,1,1,1,1,0,0,20221112,20290930
204879,1,1,1,1,1,0,1,20221112,20290930
204881,0,0,0,0,0,0,1,20221112,20290930
204890,1,1,1,1,1,1,1,20221201,20250528
205569,0,0,0,0,0,0,1,20221120,20271119
205666,1,1,1,1,1,0,0,20250201,20260226
205667,1,1,1,1,1,0,0,20250201,20260226
205668,1,1,1,1,1,0,0,20250201,20260226
205674,0,0,0,0,0,1,0,20250201,20260226
205678,1,1,1,1,1,0,0,20250201,20260226
205679,0,0,0,0,0,1,0,20250201,20260226
205716,1,1,1,1,1,0,0,20231025,20280930
205718,1,1,1,1,1,0,0,20231025,20280930
205719,1,1,1,1,1,0,0,20231025,20280930
205720,1,1,1,1,1,0,0,20231025,20280930
205725,1,1,1,1,1,0,0,20231025,20280930
205726,1,1,1,1,1,0,0,20231025,20280930
205727,1,1,1,1,1,0,0,20231025,20280930
205832,1,1,1,1,1,0,0,20221128,20260226
205833,1,1,1,1,1,0,0,20221128,20260226
205834,0,0,0,0,0,1,1,20221128,20260226
205835,1,1,1,1,1,0,0,20221128,20270131
205836,1,1,1,1,1,0,0,20221128,20270131
205837,1,1,1,1,1,1,1,20221128,20270131
205838,0,0,0,0,0,1,1,20221128,20270131
206004,0,0,0,0,0,0,1,20240601,20260226
206005,0,0,0,0,0,1,0,20240601,20260226
206326,1,1,1,1,1,0,0,20230301,20300331
206420,0,0,0,0,0,0,1,20250201,20260226
206503,1,1,1,1,1,0,0,20221207,20251008
206514,1,1,1,1,1,0,0,20221207,20251008
206524,0,0,0,0,0,1,1,20221207,20251008
206529,0,0,0,0,0,1,1,20221207,20251008
206571,0,0,0,0,0,1,0,20221207,20251008
206573,0,0,0,0,0,0,1,20250201,20260226
206590,1,1,1,1,1,1,0,20230101,20280630
206591,1,1,1,1,1,1,1,20230101,20280630
206592,1,1,1,1,1,1,1,20230101,20280630
206596,1,1,1,1,1,1,1,20230101,20260226
206597,0,0,0,0,0,1,1,20230101,20260226
206637,1,1,1,1,1,1,1,20230101,20280630
206645,1,1,1,1,1,0,0,20230101,20280630
206666,1,1,1,1,1,1,1,20230101,20280630
206859,1,1,1,1,1,0,0,20230101,20280630
206872,1,1,1,1,1,1,0,20230101,20280630
206884,1,1,1,1,1,1,0,20230101,20280630
206887,0,1,0,0,1,0,0,20230101,20280630
206889,1,1,1,1,1,0,0,20230101,20280630
206901,1,1,1,1,1,0,0,20230101,20280630
206905,0,1,0,1,0,1,0,20230101,20280630
206909,1,0,0,0,1,0,0,20230101,20280630
206911,0,0,1,0,0,0,0,20230101,20280630
206925,1,1,1,1,1,0,0,20230101,20280630
206930,0,0,0,0,0,1,1,20230101,20280630
206935,1,1,1,1,1,1,1,20230101,20280630
206944,1,1,1,1,1,1,1,20230101,20280630
207043,1,1,1,1,1,0,0,20250201,20260226
207044,1,1,1,1,1,0,0,20250201,20260226
207045,1,1,1,1,1,0,0,20250201,20260226
207046,1,1,1,1,1,0,0,20250201,20260226
207047,1,1,1,1,1,0,0,20250201,20260226
207048,1,1,1,1,1,0,0,20250201,20260226
207049,1,1,1,1,1,0,0,20250201,20260226
207050,1,1,1,1,1,0,0,20250201,20260226
207051,1,1,1,1,1,0,0,20250201,20260226
207053,0,0,0,0,0,1,0,20250201,20260226
207054,0,0,0,0,0,1,0,20250201,20260226
207055,0,0,0,0,0,1,0,20250201,20260226
207056,0,0,0,0,0,1,0,20250201,20260226
207057,0,0,0,0,0,1,0,20250201,20260226
207058,0,0,0,0,0,1,0,20250201,20260226
207059,0,0,0,0,0,0,1,20250201,20260226
207060,0,0,0,0,0,0,1,20250201,20260226
207061,0,0,0,0,0,0,1,20250201,20260226
207062,0,0,0,0,0,0,1,20250201,20260226
207063,0,0,0,0,0,0,1,20250201,20260226
207072,0,0,0,0,1,0,1,20230901,20261231
207075,1,1,1,1,1,1,1,20230101,20261231
207076,0,0,0,0,1,0,0,20230901,20261231
207078,1,1,1,1,1,1,0,20230901,20261231
207085,1,1,1,1,1,1,1,20230116,20261231
207194,1,1,1,1,1,1,1,20230301,20260226
207198,1,1,1,1,1,0,0,20230101,20270831
207199,1,1,1,1,1,0,0,20241001,20260226
207201,1,1,1,1,1,1,1,20241001,20260226
207202,0,0,0,0,0,1,1,20241001,20260226
207209,1,1,1,1,1,0,0,20241201,20250612
207211,1,1,1,1,1,0,0,20250201,20260226
207216,1,1,1,1,1,0,0,20241016,20260226
207225,0,0,0,0,1,0,0,20230113,20291031
207249,1,1,1,1,1,0,0,20230109,20260226
207250,1,1,1,1,1,0,0,20230109,20260226
207251,1,1,1,1,1,0,0,20230109,20260226
207278,0,0,0,0,0,1,0,20230109,20260226
207279,0,0,0,0,0,1,0,20230109,20260226
207286,0,0,0,0,0,0,1,20230109,20260226
207287,0,0,0,0,0,0,1,20230109,20260226
207547,1,1,1,1,1,0,0,20240901,20250612
207550,1,1,1,1,1,1,1,20230301,20260226
207588,1,1,1,1,1,1,1,20230301,20260226
207589,1,1,1,1,1,1,1,20230301,20260226
207590,1,1,1,1,1,1,1,20230301,20260226
207591,1,1,1,1,1,1,1,20230301,20260226
207628,1,1,1,1,1,0,0,20230301,20260226
207649,1,1,1,1,1,1,1,20230301,20300331
207650,1,1,1,1,1,1,1,20230301,20300331
207651,1,1,1,1,1,1,1,20230301,20300331
207652,1,1,1,1,1,0,0,20230301,20300331
207653,1,1,1,1,1,0,0,20230301,20300331
207654,1,1,1,1,1,0,0,20230301,20300331
207655,0,0,0,0,0,0,1,20230301,20300331
207656,0,0,0,0,0,1,1,20230301,20300331
207657,1,1,1,1,1,1,1,20230301,20300331
207658,1,1,1,1,1,1,1,20230301,20300331
207659,1,1,1,1,1,1,1,20230301,20300331
207660,1,1,1,1,1,1,1,20230301,20300331
207661,0,0,0,0,0,1,0,20230301,20300331
207662,1,1,1,1,1,0,0,20230301,20300331
207663,1,1,1,1,1,1,1,20230301,20300331
207704,1,1,1,1,1,1,1,20230301,20300331
207755,0,0,0,0,0,1,1,20230114,20260226
207756,0,0,0,0,0,1,0,20230114,20260226
207861,0,0,0,0,1,1,1,20230120,20280119
208346,1,1,1,1,1,0,0,20230201,20300630
208542,1,1,1,1,1,0,0,20230123,20260226
208543,1,1,1,1,1,0,0,20230123,20260226
208562,0,0,0,0,0,0,1,20230123,20260226
208583,1,1,1,1,1,1,0,20230123,20260226
208584,1,0,1,0,1,0,0,20230123,20260226
208585,0,1,0,1,0,1,0,20230123,20260226
208722,0,1,0,1,0,1,0,20230123,20250621
209157,1,1,1,1,1,0,0,20230206,20260226
209558,1,1,1,1,1,1,0,20230215,20280214
209560,1,1,1,1,1,1,0,20230215,20280214
209577,1,1,1,1,1,1,1,20230215,20280214
209578,1,1,1,1,1,1,1,20230215,20280214
210179,1,1,1,1,1,0,0,20230401,20250630
210180,0,0,0,0,0,1,1,20230401,20250630
210181,1,1,1,1,1,1,1,20230401,20250630
210193,1,1,1,1,1,0,0,20230401,20250630
210197,0,0,0,0,0,1,1,20230401,20250630
210198,1,1,1,1,1,0,0,20230401,20250630
210199,1,1,1,1,1,1,1,20230401,20250630
210218,1,1,1,1,1,0,0,20230401,20250630
210466,1,1,1,1,1,0,0,20230301,20300331
210467,1,1,1,1,1,0,0,20230301,20300331
210469,1,1,1,1,1,0,0,20230301,20300331
210485,0,0,0,0,0,1,1,20230301,20300331
210547,0,0,0,0,1,0,1,20230301,20260630
210576,1,1,1,1,1,0,0,20230227,20260226
210810,0,0,0,0,0,1,0,20230304,20250919
210811,1,1,1,1,1,0,0,20230304,20250919
210812,1,1,1,1,1,0,0,20230304,20250919
210813,0,0,0,0,0,1,0,20230304,20250919
210815,1,1,1,1,1,0,0,20230304,20250919
210816,0,0,0,0,0,1,0,20230304,20250919
211101,1,0,0,1,1,0,0,20230402,20280401
211503,1,1,1,1,1,0,0,20230401,20270831
211549,0,1,0,1,0,0,0,20230403,20260226
211550,1,0,1,0,1,0,0,20230403,20260226
211561,0,1,0,1,0,0,0,20230403,20260226
211562,1,0,1,0,1,0,0,20230403,20260226
212245,1,1,1,1,1,0,0,20230401,20290930
212321,0,0,0,0,0,1,1,20230401,20300331
212323,1,1,1,1,1,1,0,20230401,20300331
212326,1,1,1,1,1,0,0,20231101,20300331
213005,0,0,0,0,0,1,0,20230101,20280630
213077,1,1,1,1,1,0,0,20230417,20260226
213078,1,1,1,1,1,0,0,20230417,20260226
213079,1,1,1,1,1,1,0,20230417,20260226
213088,1,1,1,1,1,0,0,20230417,20260226
213277,1,1,1,1,1,1,1,20230501,20271130
213306,1,1,1,1,1,0,0,20230601,20260226
213307,1,1,1,1,1,0,0,20230601,20260226
213629,1,1,1,1,1,1,1,20230424,20251031
213630,0,0,0,0,1,0,1,20230424,20251031
213960,0,0,0,0,0,1,0,20240901,20260226
213961,0,0,0,0,0,1,0,20240901,20260226
213962,0,0,0,0,0,1,0,20240901,20260226
213963,0,0,0,0,0,1,0,20240901,20260226
213964,0,0,0,0,0,1,0,20240901,20260226
213965,0,0,0,0,0,1,0,20240901,20260226
213966,0,0,0,0,0,1,0,20240901,20260226
213967,0,0,0,0,0,0,1,20240901,20260226
213968,0,0,0,0,0,0,1,20240901,20260226
213969,0,0,0,0,0,0,1,20240901,20260226
213970,0,0,0,0,0,0,1,20240901,20260226
213971,0,0,0,0,0,0,1,20240901,20260226
213972,0,0,0,0,0,0,1,20240901,20260226
213973,0,0,0,0,0,0,1,20240901,20260226
214265,1,1,1,1,1,1,1,20230501,20260131
214267,1,1,1,1,1,1,1,20230501,20260131
214268,1,1,1,1,1,1,1,20230501,20260131
214269,1,1,1,1,1,1,1,20230501,20260131
214270,1,1,1,1,1,1,1,20230501,20260131
214271,1,1,1,1,1,1,1,20230501,20260131
214272,1,1,1,1,1,1,1,20230501,20260131
214273,1,1,1,1,1,1,1,20230501,20260131
214274,1,1,1,1,1,1,1,20230501,20260131
214275,1,1,1,1,1,1,1,20230501,20260131
214277,1,1,1,1,1,1,1,20230501,20250430
214279,1,1,1,1,1,1,1,20230501,20250430
214280,1,1,1,1,1,1,1,20230501,20250430
214281,1,1,1,1,1,1,1,20230501,20260131
214283,1,1,1,1,1,1,1,20231101,20260131
214469,1,1,1,1,1,0,0,20240201,20300331
214470,1,1,1,1,1,0,0,20240201,20300331
214471,1,1,1,1,1,0,0,20240201,20300331
214472,1,1,1,1,1,0,0,20240201,20300331
214473,1,1,1,1,1,0,0,20240201,20300331
214474,1,1,1,1,1,0,0,20240201,20300331
214481,1,1,1,1,1,1,1,20230601,20280531
214575,1,1,1,1,1,0,0,20230508,20260226
214576,1,1,1,1,1,0,0,20230508,20260226
214581,1,1,1,1,1,0,0,20230508,20260226
214582,1,1,1,1,1,0,0,20230508,20260226
214583,1,1,1,1,1,0,0,20230508,20260226
214584,1,1,1,1,1,0,0,20230508,20260226
214594,1,1,1,1,1,0,0,20230508,20260226
214595,1,1,1,1,1,0,0,20230508,20260226
214621,1,1,1,1,1,0,0,20230501,20300331
214729,1,1,1,1,1,1,1,20230601,20250316
214765,1,1,1,1,1,1,1,20230601,20260115
214766,1,1,1,1,1,1,1,20230601,20260115
214767,1,1,1,1,1,1,1,20230601,20260115
214768,1,1,1,1,1,1,1,20230601,20260115
214769,1,1,1,1,1,1,1,20230601,20260115
214899,1,1,1,1,1,0,0,20230508,20260226
214900,0,0,0,0,0,0,1,20230508,20260226
215125,1,1,1,1,1,0,0,20230828,20270831
215126,1,1,1,1,1,0,0,20230828,20270831
215143,1,1,1,1,1,0,0,20230601,20260226
215144,1,1,1,1,1,0,0,20230601,20260226
215145,1,1,1,1,1,0,0,20230601,20260226
215146,1,1,1,1,1,0,0,20230601,20260226
215147,1,1,1,1,1,0,0,20230601,20260226
215220,1,1,1,1,1,1,1,20230519,20260430
215916,1,1,1,1,1,0,0,20230701,20260226
215917,1,1,1,1,1,0,0,20230701,20260226
215919,1,1,1,1,1,1,1,20230520,20300331
215923,1,1,1,1,1,1,1,20230527,20300331
215928,1,1,1,1,1,1,1,20241216,20260630
215946,0,0,0,0,0,1,0,20250105,20251220
215991,0,0,0,0,0,1,1,20230529,20260226
215992,1,1,1,1,1,0,0,20230529,20260226
215993,1,1,1,1,1,1,1,20230529,20260226
216042,1,1,1,1,1,0,0,20230701,20260226
216043,1,1,1,1,1,0,0,20230701,20260226
216188,1,1,1,1,1,1,1,20230522,20251231
216189,1,1,1,1,1,1,1,20230522,20251231
216296,1,1,1,1,1,1,1,20230529,20260119
216639,1,1,1,1,1,0,0,20241028,20260226
216640,1,1,1,1,1,0,0,20241028,20260226
216648,0,0,1,0,0,0,0,20230701,20260226
216715,1,1,1,1,1,0,0,20230615,20300731
216751,1,1,1,1,1,1,1,20230701,20260226
216752,1,1,1,1,1,1,1,20230701,20260226
216848,1,1,1,1,1,0,0,20230615,20300731
216850,1,1,1,1,1,0,0,20230615,20300731
216852,1,1,1,1,1,0,0,20230615,20300731
216861,1,1,1,1,1,1,1,20230701,20260226
216867,1,1,1,1,1,0,0,20230701,20260226
216891,1,1,1,1,1,0,0,20230701,20260226
216900,1,1,1,1,0,0,0,20240916,20260226
216901,0,0,0,0,1,0,0,20240916,20260226
216998,1,1,1,1,1,0,0,20230601,20260226
217015,1,1,1,1,1,0,0,20230601,20260226
217016,1,1,1,1,1,0,0,20230601,20260226
217065,1,1,1,1,1,0,0,20230612,20260226
217129,1,1,1,1,1,1,1,20230701,20260226
217352,1,1,1,1,1,0,0,20230605,20271130
217353,1,1,1,1,1,0,0,20230605,20271130
217675,1,1,1,1,1,0,0,20230612,20250302
217710,1,1,1,1,1,1,0,20230701,20260226
217711,0,0,0,0,0,0,1,20230701,20260226
217712,1,1,1,1,1,1,0,20230701,20260226
217972,1,1,1,1,1,1,1,20230701,20260226
218437,1,1,1,1,1,1,1,20230710,20280930
218457,1,1,1,1,1,1,1,20230710,20280930
218458,1,1,1,1,1,1,1,20230710,20280930
218459,1,1,1,1,1,0,0,20230710,20280930
218463,0,0,0,0,0,1,1,20230710,20280930
218579,1,1,1,1,1,0,0,20230615,20291231
218629,0,0,0,0,0,1,1,20230614,20291231
218684,1,1,1,1,1,0,0,20230701,20260226
218685,1,1,1,1,1,0,0,20230701,20260226
218686,1,0,1,0,1,0,1,20230701,20260226
218692,0,1,0,1,0,1,0,20230701,20260226
218693,0,1,0,1,0,1,0,20230701,20260226
218696,1,1,1,1,1,0,0,20230701,20250302
218700,1,1,1,1,1,1,0,20230701,20250302
218704,0,0,0,0,0,1,0,20230701,20250302
218706,1,1,1,1,1,0,0,20230701,20260226
218707,0,0,0,0,0,1,1,20230701,20260226
219059,1,1,1,1,1,1,0,20230701,20260226
219064,1,1,1,1,1,0,0,20230701,20260226
219066,0,0,0,0,0,1,0,20230701,20260226
219296,1,1,1,1,1,0,0,20230701,20260226
219297,1,1,1,1,1,0,0,20230701,20260226
219301,1,1,1,1,1,1,1,20230701,20260226
219311,1,1,1,1,1,0,0,20230701,20260226
219314,0,0,0,0,0,1,1,20230701,20260226
219315,1,1,1,1,1,0,0,20230701,20260226
219316,1,1,1,1,1,0,0,20230701,20260226
219317,1,1,1,1,1,0,0,20230701,20260226
219325,0,0,0,0,0,1,1,20230701,20260226
219330,1,1,1,1,1,1,1,20230701,20260226
219332,1,1,1,1,1,1,1,20230701,20260226
219521,1,1,1,1,1,0,0,20230703,20270831
219566,1,1,1,1,1,0,0,20230710,20280930
219591,1,1,1,1,1,0,0,20230701,20300331
219592,1,1,1,1,1,0,0,20230701,20300331
219622,1,1,1,1,1,1,1,20230901,20250913
219623,1,1,1,1,1,1,1,20230901,20250913
219752,1,1,1,1,1,1,1,20231025,20280930
219758,0,0,0,0,0,1,0,20230801,20270612
219760,1,1,1,1,1,1,1,20230801,20270612
219772,0,0,0,0,0,0,1,20230901,20280930
220101,1,1,1,1,1,0,0,20230901,20280930
220278,1,0,1,0,1,0,0,20230717,20300331
220285,1,1,1,1,1,0,0,20230901,20280930
220425,1,1,1,1,1,0,0,20230901,20280930
220427,1,1,1,1,1,1,1,20230901,20280930
220428,1,1,1,1,1,0,0,20230901,20250331
220458,1,1,1,1,1,1,1,20230801,20260630
221246,0,0,0,0,0,0,1,20230801,20260226
221247,0,0,0,0,0,1,0,20230801,20260226
221291,1,1,1,1,1,0,0,20230901,20280930
221304,1,1,1,1,1,0,0,20230901,20280930
221305,1,1,1,1,1,0,0,20230901,20280930
221306,1,1,1,1,1,1,1,20230901,20280930
221307,0,0,0,0,0,1,1,20230801,20300331
221308,1,1,1,1,1,0,0,20230801,20300331
221310,1,1,1,1,1,1,1,20230801,20300331
221318,1,1,1,1,1,0,0,20230901,20280930
221322,1,1,1,1,1,0,0,20230901,20280930
222288,1,1,1,1,1,0,0,20250201,20260226
222542,1,1,1,1,1,0,0,20230901,20250621
222655,1,1,1,1,1,0,0,20240901,20260226
222656,1,1,1,1,1,0,0,20240901,20260226
222657,1,1,1,1,1,0,0,20240901,20260226
222658,1,1,1,1,1,0,0,20240901,20260226
222659,1,1,1,1,1,0,0,20240901,20260226
222660,1,1,1,1,1,0,0,20240901,20260226
222661,1,1,1,1,1,0,0,20240901,20260226
222662,1,1,1,1,1,0,0,20240901,20260226
222663,1,1,1,1,1,0,0,20240901,20260226
222709,0,0,0,0,0,1,1,20230901,20260226
222847,1,1,1,1,1,0,0,20230826,20300331
222862,1,1,1,1,1,1,1,20230826,20300331
222863,1,1,1,1,1,1,1,20230826,20300331
222908,1,1,1,1,1,1,1,20230901,20270831
223141,0,0,0,0,0,1,0,20230915,20260226
223142,0,0,0,0,0,0,1,20230915,20260226
223306,1,1,1,1,1,0,0,20230901,20280630
223405,1,0,0,0,0,1,0,20240901,20250601
223406,1,1,1,1,1,1,1,20230830,20280829
223730,1,1,1,1,1,0,0,20230901,20300331
223858,0,1,0,0,1,0,0,20231001,20280930
223940,1,1,1,1,1,0,0,20230904,20270831
223950,1,1,1,1,1,0,0,20230901,20260226
223975,0,0,0,0,0,0,1,20230901,20260226
224071,1,1,1,1,1,0,0,20230901,20260226
224086,0,0,0,0,1,0,0,20230901,20260226
224087,1,1,1,1,1,0,0,20230901,20260226
224088,1,1,1,1,0,0,0,20230901,20260226
224100,1,1,1,1,1,0,0,20230901,20260226
224191,0,0,0,0,0,1,1,20240901,20250609
224192,1,1,1,1,1,0,0,20240901,20250609
224198,1,1,1,1,1,0,0,20240902,20250609
224199,1,1,1,1,1,0,0,20240902,20250609
224253,1,1,1,1,1,0,0,20230904,20270831
224254,1,1,1,1,1,0,0,20230901,20300331
224348,1,1,1,1,1,1,1,20230901,20280831
224350,1,1,1,1,1,0,0,20230901,20280831
224351,1,1,1,1,1,1,1,20230901,20280831
224352,1,1,1,1,1,1,1,20230901,20280831
224353,1,1,1,1,1,0,0,20230901,20280831
224420,1,1,1,1,0,1,0,20240902,20250609
224421,1,1,1,1,1,0,0,20240902,20250609
224592,1,0,1,1,1,0,0,20240902,20291231
224601,1,1,1,1,1,0,0,20240902,20250609
224613,1,1,1,1,1,1,0,20240902,20250609
224622,1,1,1,1,1,0,0,20240902,20250609
224626,1,1,1,1,1,0,0,20240901,20250609
224632,1,1,1,1,1,1,1,20230901,20291231
224638,1,1,1,1,1,0,0,20240902,20250609
224646,1,1,1,1,1,0,0,20230901,20291231
224658,1,1,1,1,1,0,0,20240902,20250609
224777,1,1,1,1,1,1,1,20231101,20280930
224916,0,1,0,0,0,0,0,20240902,20250609
224917,0,1,0,0,0,0,0,20240902,20250609
224940,1,1,1,1,1,0,0,20240819,20250609
225044,1,1,1,1,1,0,0,20230918,20260226
225045,0,0,0,0,0,1,0,20230918,20260226
225046,1,1,1,1,1,0,0,20230918,20260226
225074,1,1,1,1,1,1,0,20230918,20260226
225075,0,0,0,0,0,0,1,20230918,20260226
225076,1,1,1,1,1,0,0,20230918,20260226
225077,0,0,0,0,0,1,0,20230918,20260226
225078,0,0,0,0,0,1,0,20230918,20260226
225079,0,0,0,0,0,0,1,20230918,20260226
225242,1,1,1,1,1,1,1,20250203,20250609
225267,1,1,1,1,1,1,0,20240901,20250609
225269,1,1,1,1,1,0,0,20241015,20250414
225270,0,0,0,0,0,1,1,20241015,20250414
225271,1,1,1,1,1,0,0,20241015,20250414
225272,0,0,0,0,0,1,1,20241015,20250414
225275,1,1,1,1,1,1,1,20231001,20280930
225279,1,1,1,1,1,0,0,20231001,20280930
225453,0,0,0,0,0,1,1,20231001,20280930
225576,1,1,1,1,1,0,0,20230918,20260226
225581,1,1,1,1,1,0,0,20230918,20260226
225602,1,1,1,1,1,0,0,20230918,20260226
226074,1,1,1,1,1,1,1,20230918,20280917
226075,1,1,1,1,1,1,0,20230918,20280917
226078,1,0,1,0,1,0,0,20250201,20260226
226079,1,0,1,0,1,0,0,20250201,20260226
226080,0,1,0,1,0,0,0,20250201,20260226
226081,0,1,0,1,0,0,0,20250201,20260226
226082,0,0,0,0,0,1,0,20250201,20260226
226464,0,0,0,0,0,1,0,20231001,20260226
226465,1,1,1,1,1,1,0,20231001,20260226
226466,1,1,1,1,1,0,0,20231001,20260226
226470,1,1,1,1,1,0,0,20231001,20260226
226474,0,0,0,0,0,1,1,20231001,20260226
226475,1,1,1,1,1,0,0,20231001,20260226
226530,1,1,1,1,1,1,1,20231001,20290930
226676,1,1,1,1,1,1,0,20231002,20270831
226907,1,1,1,1,1,1,1,20250125,20261231
226908,0,0,0,0,0,1,1,20250125,20261231
226909,1,1,1,1,1,0,0,20250125,20261231
226914,1,1,1,1,1,1,0,20231101,20280930
226925,1,1,1,1,1,1,1,20231101,20280930
226926,1,1,1,1,1,1,1,20231101,20280930
226931,0,0,0,0,1,0,1,20240831,20250531
226932,0,0,0,0,1,0,1,20231012,20260119
226933,1,1,1,1,1,1,0,20231012,20260630
226934,0,0,0,0,0,0,1,20231012,20260630
226940,1,1,1,1,1,1,1,20231101,20260430
226941,1,1,1,1,1,1,1,20231101,20260430
226942,0,0,0,0,1,0,1,20231101,20260119
226943,1,1,1,1,1,1,1,20231101,20260119
226944,1,1,1,1,1,1,1,20231101,20260430
226951,0,0,0,0,1,0,0,20231001,20291231
227077,1,1,1,1,1,1,0,20231101,20250228
227201,1,1,1,1,1,1,1,20231122,20270930
227213,1,1,1,1,1,0,0,20250201,20260226
227214,0,0,0,0,0,1,0,20250201,20260226
227220,1,1,1,1,0,1,1,20231101,20280930
227286,1,1,1,1,1,0,0,20231101,20300630
227287,1,1,1,1,1,0,0,20231101,20300630
227375,1,1,1,1,1,1,1,20231101,20280930
227709,1,1,1,1,1,0,0,20241015,20250414
227933,1,1,1,1,1,0,0,20250201,20260226
227941,1,1,1,1,1,1,1,20231201,20280930
227945,1,1,1,1,1,1,0,20231201,20280930
227949,1,1,1,1,1,1,1,20231021,20290930
228045,1,1,1,1,1,0,0,20231201,20280930
228046,1,1,1,1,1,0,0,20231201,20280930
228047,1,1,1,1,1,0,0,20240901,20250609
228059,1,1,1,1,1,0,0,20231101,20260226
228060,1,1,1,1,1,0,0,20231101,20260226
228061,1,1,1,1,1,0,0,20231101,20260226
228067,1,1,1,1,1,0,0,20231101,20260226
228202,1,1,1,1,1,0,0,20231201,20280930
228216,1,1,1,1,1,0,0,20231201,20280930
228221,1,1,1,1,1,0,0,20231101,20300731
228222,0,0,0,0,0,1,1,20231101,20300731
228225,0,1,1,1,1,0,0,20250225,20250228
228226,0,0,0,0,1,0,0,20250225,20250228
228227,1,1,1,1,0,0,0,20250225,20250228
228295,0,0,0,0,1,0,0,20241107,20250609
228350,1,1,1,1,1,0,0,20231106,20280630
228354,1,1,1,1,1,0,0,20231106,20280630
228365,1,1,1,1,1,0,0,20231106,20280630
228480,0,0,0,0,0,1,1,20231113,20300630
228481,0,0,0,0,0,1,1,20231113,20300630
228484,1,1,1,1,1,0,0,20231106,20280630
228534,1,1,1,1,1,1,1,20231101,20260210
228535,1,1,1,1,1,1,1,20231101,20260210
228537,1,1,1,1,1,1,1,20231101,20260210
228728,1,1,1,1,1,0,0,20240601,20260226
228730,1,1,1,1,1,0,0,20231106,20260226
228731,1,1,1,1,1,0,0,20231106,20260226
228732,0,0,0,0,0,1,0,20240901,20250609
228733,1,1,1,1,1,0,0,20240901,20250609
228788,1,1,1,1,1,0,0,20231106,20260226
228846,0,0,0,1,0,0,1,20250415,20251031
228999,1,1,1,1,1,0,0,20231201,20280930
229000,0,0,0,0,0,1,1,20231201,20280930
229003,1,1,1,1,1,1,1,20231201,20280930
229004,1,1,1,1,1,1,0,20231201,20280930
229292,1,1,1,1,1,1,1,20231116,20260430
229294,1,1,1,1,1,1,1,20231116,20260911
229313,1,1,1,1,1,0,0,20231201,20260226
229314,1,1,1,1,1,0,0,20231201,20260226
229315,1,1,1,1,1,0,0,20231201,20260226
229316,1,1,1,1,1,0,0,20231201,20260226
229317,1,1,1,1,1,0,0,20231201,20260226
229318,1,1,1,1,1,0,0,20231201,20260226
229319,1,1,1,1,1,0,0,20231201,20260226
229320,1,1,1,1,1,0,0,20231201,20260226
229321,1,1,1,1,1,0,0,20231201,20260226
229322,1,1,1,1,1,0,0,20231201,20260226
229323,1,1,1,1,1,0,0,20231201,20260226
229324,1,1,1,1,1,0,0,20231201,20260226
229325,1,1,1,1,1,0,0,20231201,20260226
229326,1,1,1,1,1,0,0,20231201,20260226
229327,0,0,0,0,0,1,0,20231201,20260226
229328,0,0,0,0,0,1,0,20231201,20260226
229329,0,0,0,0,0,1,0,20231201,20260226
229330,0,0,0,0,0,1,0,20231201,20260226
229331,0,0,0,0,0,1,0,20231201,20260226
229332,0,0,0,0,0,1,0,20231201,20260226
229333,0,0,0,0,0,1,0,20231201,20260226
229334,0,0,0,0,0,1,0,20231201,20260226
229335,0,0,0,0,0,0,1,20231201,20260226
229336,0,0,0,0,0,0,1,20231201,20260226
229337,0,0,0,0,0,0,1,20231201,20260226
229338,0,0,0,0,0,0,1,20231201,20260226
229339,0,0,0,0,0,0,1,20231201,20260226
229340,0,0,0,0,0,0,1,20231201,20260226
229388,0,0,0,1,1,1,1,20240901,20250531
229389,1,1,1,1,1,0,0,20250201,20300930
229391,0,0,0,0,1,1,1,20240901,20250531
229399,1,1,1,1,1,1,1,20231116,20251122
229400,1,1,1,1,1,1,1,20231116,20251122
229406,1,1,1,1,1,1,1,20231116,20251122
229408,1,1,1,1,1,1,1,20231116,20251231
229411,1,1,1,1,1,1,1,20231116,20251231
229412,1,1,1,1,1,1,1,20231116,20251231
229421,1,1,1,1,1,1,1,20231116,20251231
229424,1,1,1,1,1,1,1,20231116,20251231
229429,1,1,1,1,1,1,1,20231116,20260430
229430,1,1,1,1,1,1,1,20231116,20260430
229514,1,1,1,1,1,0,0,20231201,20280930
229525,1,1,1,1,1,0,0,20250201,20300930
229535,1,1,1,1,1,1,1,20250201,20300930
229536,0,0,0,0,0,0,1,20231201,20260226
229537,0,0,0,0,0,0,1,20231201,20260226
229538,0,0,0,0,0,0,1,20231201,20260226
229539,0,0,0,0,0,1,1,20231201,20280930
229572,1,1,1,1,1,0,0,20231113,20260226
229573,1,1,1,1,1,0,0,20231113,20260226
229576,0,1,0,0,0,0,0,20250201,20300930
229581,1,1,1,1,1,0,0,20240101,20280930
229584,0,0,0,1,0,0,0,20250201,20300930
229585,0,0,0,1,0,0,0,20250201,20300930
229586,1,0,0,0,0,0,0,20250201,20300930
229587,1,1,1,1,1,0,0,20250201,20300930
229591,0,0,0,0,0,1,0,20231201,20260226
229592,0,0,0,0,0,1,0,20231201,20260226
229593,0,0,0,0,0,1,0,20231201,20260226
229609,1,1,1,1,1,0,0,20231201,20260226
229610,1,1,1,1,1,0,0,20231201,20260226
229611,0,0,0,0,0,1,0,20231201,20260226
229612,0,0,0,0,0,0,1,20231201,20260226
229681,1,1,1,1,1,0,0,20250201,20300930
229682,1,1,1,1,1,0,1,20250201,20300930
229686,1,1,1,1,1,0,0,20231201,20260226
229687,1,1,1,1,1,0,0,20231201,20260226
229791,1,1,1,1,1,0,0,20250421,20260226
229795,0,0,0,0,0,1,1,20250421,20260226
229830,0,0,0,0,0,1,1,20240902,20260226
229840,1,1,1,1,1,0,0,20250201,20300930
229842,1,1,1,1,1,0,0,20250201,20300930
229850,1,1,1,1,1,1,0,20250201,20300930
229851,1,1,1,1,1,0,0,20250201,20300930
229853,1,1,1,1,0,0,0,20250201,20300930
229856,1,1,1,1,0,0,0,20250201,20300930
229863,1,1,1,1,1,0,0,20250201,20300930
229889,0,0,0,0,0,1,1,20250201,20300930
229895,0,1,1,0,0,0,0,20250201,20300930
229918,1,1,1,1,1,1,0,20250201,20300930
229921,1,1,1,1,1,0,0,20250201,20300930
229923,0,0,0,0,0,1,0,20250201,20300930
229924,0,1,0,0,0,0,0,20250201,20300930
229931,0,0,1,1,0,0,0,20250201,20300930
229952,0,0,0,0,0,1,0,20250201,20300930
229953,1,1,1,1,1,0,0,20231211,20260226
229954,0,1,0,0,0,1,0,20231211,20260226
229955,0,1,0,0,0,0,0,20250201,20300930
229956,0,0,1,1,0,0,0,20250201,20300930
229958,0,0,0,0,0,1,0,20250201,20300930
229960,0,0,1,0,0,0,0,20250201,20300930
229961,1,1,0,1,0,1,0,20250201,20300930
229962,0,0,1,0,1,0,1,20250201,20300930
229966,1,1,1,1,1,0,0,20250201,20300930
229968,1,1,1,1,1,0,0,20250201,20300930
229974,0,0,0,1,0,0,0,20250201,20300930
229975,0,0,0,1,0,0,0,20250201,20300930
229976,0,0,0,0,0,1,0,20231201,20300331
229999,1,1,1,1,1,0,0,20250201,20300930
230042,1,1,1,1,1,0,0,20250201,20300930
230043,1,1,1,1,1,0,0,20250201,20300930
230048,1,0,1,0,1,0,0,20250201,20250228
230050,1,1,1,1,1,1,1,20250201,20300930
230051,1,1,1,1,1,1,0,20250201,20300930
230052,1,1,1,1,1,1,1,20250201,20300930
230053,0,0,0,0,0,0,1,20250201,20300930
230054,1,1,1,0,1,1,1,20250201,20300930
230062,1,1,1,1,1,1,0,20250201,20300930
230066,1,1,1,1,1,1,1,20250201,20300930
230073,0,1,1,0,0,0,0,20250201,20300930
230074,1,1,1,1,1,0,0,20250201,20300930
230081,1,1,1,1,1,0,0,20250201,20300930
230082,0,0,1,0,0,0,0,20250201,20300930
230106,1,1,1,1,1,0,0,20240613,20260226
230126,1,1,1,1,1,0,0,20240613,20260226
230159,1,1,1,1,1,1,1,20250201,20300930
230161,1,1,1,1,1,0,0,20250201,20300930
230175,1,1,1,1,1,1,1,20250201,20300930
230176,1,1,1,1,1,1,1,20250201,20300930
230237,1,1,1,1,1,0,0,20231204,20260226
230240,0,0,0,0,1,0,0,20250201,20300930
230255,1,1,1,1,1,0,0,20250201,20290630
230256,1,1,1,1,1,0,0,20250201,20290630
230257,1,1,1,1,1,0,0,20250201,20290630
230271,0,0,0,0,1,0,0,20231201,20280408
230276,1,1,1,1,0,1,1,20231201,20280408
230328,1,1,1,1,1,0,0,20250201,20290630
230330,1,1,1,1,1,1,0,20250201,20290630
230336,1,1,1,1,1,0,0,20231201,20300331
230337,1,1,1,1,1,0,0,20231201,20300331
230339,0,1,1,0,0,0,0,20240901,20250609
230340,1,0,0,1,1,0,0,20240901,20250609
230341,0,1,1,0,0,0,0,20240901,20250609
230342,1,0,0,1,1,0,0,20240901,20250609
230343,0,0,1,0,0,0,0,20231201,20300331
230344,1,0,0,1,1,0,0,20231201,20300331
230345,0,1,0,0,0,0,0,20231201,20300331
230346,0,0,1,0,0,0,0,20231201,20300331
230347,1,0,0,1,1,0,0,20231201,20300331
230348,0,1,0,0,0,0,0,20231201,20300331
230355,1,1,1,1,1,0,0,20240101,20280930
230362,1,1,1,1,1,0,0,20250201,20290630
230364,1,1,1,1,1,1,0,20250201,20290630
230448,0,0,0,0,0,1,1,20250201,20260226
230459,1,1,1,1,1,0,0,20250201,20290630
230480,1,1,1,1,1,1,1,20250201,20290630
230545,0,0,0,0,1,0,1,20231215,20271130
230569,1,1,1,1,1,0,0,20250201,20290630
230602,1,1,1,0,0,0,0,20250201,20300930
230603,1,1,1,1,1,0,0,20250201,20300930
230604,0,0,0,0,0,0,1,20250201,20300930
230605,1,1,1,1,1,0,0,20250201,20300930
230619,1,0,0,0,0,0,0,20250201,20290630
230620,0,1,1,1,1,0,0,20250201,20290630
230621,1,1,1,1,1,0,0,20250201,20290630
230628,1,1,1,1,1,0,0,20250201,20290630
230633,0,0,0,0,0,0,1,20231227,20260531
230634,0,0,0,0,0,0,1,20231227,20260531
230694,0,0,0,0,1,0,0,20240701,20260226
230695,0,0,0,0,1,0,0,20240701,20260226
230696,0,0,0,0,1,0,0,20240701,20260226
230697,0,0,0,0,1,0,0,20240701,20260226
230713,1,1,1,1,1,0,0,20231211,20300331
230714,1,1,1,1,1,0,0,20231211,20300331
230807,0,0,0,0,1,0,0,20231227,20260531
230810,0,0,0,0,0,0,1,20231227,20260531
230816,0,0,0,0,0,0,1,20231227,20260531
230817,0,0,0,0,1,0,0,20231227,20260531
230855,0,0,0,0,1,0,0,20240701,20260226
230856,0,0,0,0,1,0,0,20240701,20260226
230857,0,0,0,0,1,0,0,20240701,20260226
230858,1,1,1,1,0,0,0,20240108,20260226
230859,0,0,0,0,1,0,0,20240108,20260226
230860,0,0,0,0,0,1,0,20240701,20260226
230861,0,0,0,0,0,1,0,20240701,20260226
230864,0,0,0,0,0,1,0,20240701,20260226
230865,0,0,0,0,0,1,0,20240701,20260226
230960,0,0,0,0,0,1,0,20240701,20260226
230961,0,0,0,0,0,1,0,20240701,20260226
230962,0,0,0,0,0,1,0,20240701,20260226
230970,1,1,1,1,1,0,0,20231218,20300331
230988,1,1,1,1,1,0,0,20231218,20300331
230989,1,1,1,1,1,0,0,20231218,20300331
230992,1,1,1,1,1,1,1,20230601,20260131
230993,1,1,1,1,1,1,1,20240101,20280930
230994,1,1,1,1,1,1,1,20240101,20280930
230999,1,1,1,1,1,1,1,20230601,20280531
231006,1,1,1,1,1,1,1,20240101,20280930
231008,0,0,0,1,1,1,1,20240901,20250531
231019,1,1,1,1,1,0,0,20240101,20280930
231028,1,1,1,1,1,0,0,20240901,20250609
231029,1,1,1,1,1,0,0,20240901,20250609
231053,1,1,1,1,1,1,1,20230501,20260131
231062,1,1,1,1,1,1,1,20240101,20280930
231065,1,1,1,1,1,1,1,20230519,20260430
231067,0,0,0,0,1,0,0,20240701,20260226
231068,0,0,0,0,1,0,0,20240701,20260226
231069,1,1,1,1,1,1,1,20240101,20260226
231070,1,1,1,1,1,1,1,20240101,20260226
231082,0,0,0,0,0,1,0,20240701,20260226
231083,0,0,0,0,0,1,0,20240701,20260226
231200,0,0,0,0,0,0,1,20240101,20281231
231213,0,0,0,0,0,1,0,20240102,20260226
231215,1,1,1,1,1,1,1,20240613,20260226
231216,1,1,1,1,1,1,1,20240613,20260226
231217,0,0,0,0,0,1,0,20240101,20281231
231218,1,1,1,1,1,1,0,20240101,20281231
231219,1,1,1,1,1,0,0,20240101,20281231
231342,0,0,0,0,0,1,0,20240201,20280930
231472,0,0,0,0,0,0,1,20240201,20280930
231577,1,1,1,1,1,1,1,20240201,20280930
231625,1,1,1,1,1,0,0,20240201,20280930
231626,1,1,1,1,1,0,0,20240201,20280930
231641,1,1,1,1,1,0,0,20240201,20280930
231646,1,1,1,1,1,1,0,20240201,20280930
231649,1,1,1,1,1,0,0,20240108,20260226
231687,1,1,1,1,1,0,0,20240909,20260226
231688,1,1,1,1,1,0,0,20240909,20260226
231689,1,1,1,1,1,0,0,20240909,20260226
231690,1,1,1,1,1,0,0,20240909,20260226
231691,1,1,1,1,1,0,0,20240909,20260226
231692,1,1,1,1,1,0,0,20240909,20260226
231757,1,1,1,1,1,0,0,20240108,20250612
231802,1,1,1,1,1,0,0,20240102,20250302
231806,1,1,1,1,1,0,0,20240102,20250302
231808,1,0,0,0,1,0,0,20240102,20250302
231814,1,1,1,1,1,1,1,20240102,20250302
231820,0,0,0,0,0,1,1,20240102,20250302
231826,1,1,1,1,1,0,0,20240102,20260226
231827,1,1,1,1,1,0,0,20240102,20260226
231832,1,1,1,1,1,0,0,20240102,20260226
231833,1,1,1,1,1,1,1,20240102,20260226
231835,1,1,1,1,1,1,1,20240102,20260226
231846,0,0,0,0,0,1,1,20240102,20260226
231876,1,1,1,1,1,0,0,20240102,20250302
231877,1,1,1,1,1,0,0,20240102,20250302
231878,1,1,1,1,1,0,0,20240102,20250302
231879,1,1,1,1,1,0,0,20240102,20250302
231880,1,1,1,1,1,0,0,20240102,20250302
231881,1,1,1,1,1,0,0,20240102,20250302
231882,1,1,1,1,1,0,0,20240102,20250302
231883,1,1,1,1,1,0,0,20240102,20250302
231884,1,1,1,1,1,0,0,20240102,20250302
231885,1,1,1,1,1,0,0,20240102,20250302
231889,0,0,0,0,0,1,1,20240102,20250302
231890,0,0,0,0,0,1,1,20240102,20250302
231891,0,0,0,0,0,1,1,20240102,20250302
231892,0,0,0,0,0,1,1,20240102,20250302
231893,0,0,0,0,0,1,1,20240102,20250302
231894,0,0,0,0,0,1,1,20240102,20250302
231895,0,0,0,0,0,1,1,20240102,20250302
231896,0,0,0,0,0,1,1,20240102,20250302
231897,0,0,0,0,0,1,1,20240102,20250302
231899,0,0,0,0,0,1,1,20240102,20250302
231900,0,0,0,0,0,1,1,20240102,20250302
231901,0,0,0,0,0,1,1,20240102,20250302
231902,1,1,1,1,1,0,0,20240102,20260226
231904,1,1,1,1,1,0,0,20240102,20260226
231905,1,1,1,1,1,0,0,20240102,20260226
231906,1,1,1,1,1,0,0,20240102,20260226
231907,1,1,1,1,1,0,0,20240102,20260226
231908,1,1,1,1,1,0,0,20240102,20260226
231910,0,0,0,0,0,1,1,20240102,20260226
231911,0,0,0,0,0,1,1,20240102,20260226
231912,0,0,0,0,0,1,1,20240102,20260226
231914,0,0,0,0,0,1,1,20240102,20260226
231968,1,1,1,1,1,0,0,20240201,20280930
231990,1,1,1,1,1,1,1,20240201,20280930
231999,0,0,0,0,1,0,0,20240120,20260627
232000,1,1,1,1,0,0,0,20240120,20260627
232002,0,0,0,0,1,0,0,20240120,20260627
232007,0,0,0,0,0,1,1,20240201,20280930
232008,1,1,1,1,1,0,0,20240201,20280930
232173,1,1,1,1,1,1,0,20240201,20280930
232179,1,1,1,1,1,0,0,20240201,20260226
232180,1,1,1,1,1,0,0,20240201,20260226
232204,1,1,1,1,0,0,0,20240120,20260627
232277,1,1,1,1,1,1,1,20240201,20280930
232282,1,1,1,1,1,0,0,20240201,20280930
232313,0,0,0,0,0,1,0,20240201,20260226
232314,0,0,0,0,0,1,0,20240201,20260226
232316,1,1,1,1,1,1,1,20240121,20290120
232318,1,1,1,1,1,1,1,20240121,20290120
232320,0,0,0,0,0,0,1,20240201,20260226
232325,1,1,1,1,1,0,0,20240115,20261231
232328,1,1,1,1,1,0,0,20240115,20261231
232343,1,1,1,1,1,0,0,20240201,20260226
232344,1,1,1,1,1,0,0,20240201,20260226
232345,1,1,1,1,1,0,0,20240201,20260226
232346,1,1,1,1,1,0,0,20240201,20260226
232354,1,1,1,1,1,0,0,20240122,20260226
232360,1,1,1,1,1,1,1,20240201,20280930
232361,1,1,1,1,1,0,0,20240909,20260226
232362,1,1,1,1,1,0,0,20240909,20260226
232363,1,1,1,1,1,0,0,20240909,20260226
232364,1,1,1,1,1,0,0,20240909,20260226
232365,1,1,1,1,1,0,0,20240909,20260226
232366,1,1,1,1,1,0,0,20240909,20260226
232367,1,1,1,1,1,0,0,20240909,20260226
232376,0,0,0,0,0,1,0,20240909,20260226
232377,0,0,0,0,0,1,0,20240909,20260226
232378,0,0,0,0,0,1,0,20240909,20260226
232384,0,0,0,0,0,0,1,20240909,20260226
232385,0,0,0,0,0,0,1,20240909,20260226
232386,0,0,0,0,0,0,1,20240909,20260226
232407,1,1,1,1,1,0,0,20240201,20300331
232408,1,1,1,1,1,0,0,20240201,20300331
232409,1,1,1,1,1,0,0,20240201,20300331
232420,1,1,1,1,1,0,0,20240201,20300331
232421,1,1,1,1,1,0,0,20240901,20250609
232422,0,0,0,0,0,0,1,20240201,20300331
232431,1,1,1,1,1,1,1,20240301,20280930
232434,0,0,0,0,0,0,1,20240301,20280930
232435,0,0,0,0,0,1,1,20240301,20280930
232436,1,1,1,1,1,0,0,20240301,20280930
232485,0,0,0,0,1,0,1,20240901,20250531
232503,1,1,1,1,1,1,1,20240201,20260617
232522,1,1,1,1,1,1,1,20240201,20260617
232523,1,1,1,1,1,1,1,20240901,20250531
232524,1,1,1,1,1,1,1,20240201,20261130
232525,1,1,1,1,0,1,0,20241101,20250331
232547,1,1,1,1,1,1,1,20240201,20280131
232551,1,1,1,1,1,0,0,20240205,20260226
232552,1,1,1,1,1,0,0,20240205,20260226
232559,1,0,1,1,0,1,0,20240205,20260226
232566,0,1,0,0,1,0,1,20240205,20260226
232573,1,1,1,1,1,1,1,20240205,20260226
232580,0,0,0,0,0,1,1,20240205,20260226
232927,1,1,1,1,1,0,0,20240201,20300331
233026,1,1,1,1,1,0,0,20240201,20300331
233027,1,1,1,1,1,0,0,20240201,20300331
233028,1,1,1,1,1,0,0,20240201,20300331
233029,1,1,1,1,1,0,0,20240201,20300331
233030,1,1,1,1,1,0,0,20240201,20300331
233031,1,1,1,1,1,0,0,20240201,20300331
233102,0,0,0,0,0,0,1,20241101,20250228
233159,1,1,1,1,1,1,0,20240301,20280930
233231,1,1,1,1,1,1,1,20240301,20280930
233258,0,0,0,0,0,1,0,20240304,20260226
233259,0,0,0,0,0,1,0,20240304,20260226
233260,0,0,0,0,0,1,0,20240304,20260226
233261,0,0,0,0,0,1,0,20240304,20260226
233262,0,0,0,0,0,1,0,20240304,20260226
233263,0,0,0,0,0,1,0,20240304,20260226
233264,0,0,0,0,0,1,0,20240304,20260226
233312,1,1,1,1,1,0,0,20240904,20260226
233487,0,0,0,0,0,1,1,20240226,20260226
233488,1,1,1,1,1,0,0,20240226,20260226
233489,1,1,1,1,0,1,0,20240226,20260226
233490,0,0,0,0,1,0,0,20240226,20260226
233491,0,0,0,0,0,0,1,20240226,20260226
233492,1,1,1,1,1,0,0,20240226,20260226
233495,1,1,1,1,1,0,0,20240226,20260226
233509,1,1,1,1,1,1,1,20240226,20260226
233517,1,1,1,1,1,1,1,20240226,20260226
233522,0,0,0,0,0,1,0,20240226,20260226
233556,1,1,1,1,1,0,0,20240219,20261231
233628,1,1,1,1,1,1,1,20240219,20260226
233632,1,1,1,1,1,1,0,20240219,20260226
233636,1,1,1,1,1,0,0,20240219,20260226
233707,1,1,1,1,1,0,0,20240301,20280930
233743,0,0,0,0,1,1,1,20250108,20250228
233745,0,0,0,0,0,0,1,20240216,20281026
233746,0,0,0,0,1,0,0,20240216,20281026
233893,0,0,0,0,0,0,1,20240304,20260226
233894,0,0,0,0,0,0,1,20240304,20260226
233895,0,0,0,0,0,0,1,20240304,20260226
233896,0,0,0,0,0,0,1,20240304,20260226
233897,0,0,0,0,0,0,1,20240304,20260226
233898,0,0,0,0,0,0,1,20240304,20260226
233899,0,0,0,0,0,0,1,20240304,20260226
233953,0,0,0,0,1,1,1,20240301,20260119
233954,1,1,1,1,1,1,1,20240301,20250228
233968,1,1,1,1,1,0,0,20240304,20270831
233975,0,0,0,0,0,1,0,20240304,20260226
233976,0,0,0,0,0,1,0,20240304,20260226
233977,0,0,0,0,0,1,0,20240304,20260226
233978,0,0,0,0,0,1,0,20240304,20260226
233979,0,0,0,0,0,1,0,20240304,20260226
233980,0,0,0,0,0,1,0,20240304,20260226
233981,0,0,0,0,0,1,0,20240304,20260226
233987,0,0,0,0,0,0,1,20240304,20260226
233988,0,0,0,0,0,0,1,20240304,20260226
233989,0,0,0,0,0,0,1,20240304,20260226
233990,0,0,0,0,0,0,1,20240304,20260226
233991,0,0,0,0,0,0,1,20240304,20260226
233992,0,0,0,0,0,0,1,20240304,20260226
233993,0,0,0,0,0,0,1,20240304,20260226
234325,1,1,1,1,1,1,1,20240301,20260430
234333,1,1,1,1,1,1,1,20240301,20260630
234349,1,1,1,1,1,1,1,20240301,20250228
234357,1,1,1,1,1,1,1,20240301,20260630
234361,0,0,0,0,1,1,1,20241216,20280831
234362,0,0,0,0,1,0,1,20240301,20250228
234431,1,1,1,1,1,1,1,20240305,20260115
234432,1,1,1,1,1,1,1,20240305,20260115
234438,1,1,1,1,1,1,0,20250201,20300930
234440,1,1,1,1,1,0,0,20250201,20300930
234441,1,1,1,1,1,0,0,20250201,20300930
234443,0,0,0,0,0,1,1,20250201,20300930
234449,0,0,0,0,0,1,0,20240304,20260226
234450,0,0,0,0,0,1,0,20240304,20260226
234451,0,0,0,0,0,1,0,20240304,20260226
234452,0,0,0,0,0,1,0,20240304,20260226
234453,0,0,0,0,0,1,0,20240304,20260226
234454,0,0,0,0,0,1,0,20240304,20260226
234455,0,0,0,0,0,1,0,20240304,20260226
234456,0,0,0,0,0,1,0,20240304,20260226
234457,0,0,0,0,0,1,0,20240304,20260226
234469,0,0,0,0,0,0,1,20240304,20260226
234470,0,0,0,0,0,0,1,20240304,20260226
234471,0,0,0,0,0,0,1,20240304,20260226
234472,0,0,0,0,0,0,1,20240304,20260226
234473,0,0,0,0,0,0,1,20240304,20260226
234474,0,0,0,0,0,0,1,20240304,20260226
234475,0,0,0,0,0,0,1,20240304,20260226
234476,0,0,0,0,0,0,1,20240304,20260226
234477,0,0,0,0,0,0,1,20240304,20260226
234485,0,0,0,0,1,0,0,20250201,20300930
234489,1,1,1,1,1,0,0,20240304,20260226
234631,0,0,0,0,0,1,1,20240401,20280930
235007,1,1,1,1,1,0,0,20240311,20260226
235008,1,1,1,1,1,0,0,20240311,20260226
235028,1,1,1,1,1,0,0,20240901,20250609
235108,0,0,0,0,1,0,0,20250201,20300930
235112,0,0,0,0,1,0,0,20250201,20300930
235198,0,1,0,1,0,0,0,20250201,20300930
235217,1,1,1,1,1,0,0,20240902,20260226
235218,1,1,1,1,1,0,0,20240902,20260226
235219,1,1,1,1,1,0,0,20240902,20260226
235220,1,1,1,1,1,0,0,20240902,20260226
235230,1,1,1,1,1,0,0,20240315,20250316
235289,1,1,1,1,1,1,1,20240404,20290403
235374,1,1,1,1,1,0,0,20250415,20251031
235375,1,1,1,1,1,0,0,20250415,20251031
235376,1,1,1,1,1,1,0,20250415,20251031
235377,1,1,1,1,1,1,0,20250415,20251031
235378,1,1,1,1,1,0,0,20250415,20251031
235379,1,1,1,1,1,1,1,20250415,20251031
235380,0,0,0,0,0,0,1,20250415,20251031
235381,1,1,1,1,1,1,1,20250415,20251031
235382,1,1,1,1,1,0,0,20250415,20251031
235441,1,1,1,1,1,0,0,20240701,20280930
235449,1,1,1,1,1,1,1,20240401,20260226
235452,1,1,1,1,1,1,1,20240401,20260226
235463,1,1,1,1,1,0,0,20240401,20280930
235465,1,1,1,1,1,0,0,20240401,20280930
235466,1,1,1,1,1,1,1,20240401,20280930
235502,1,1,1,1,1,0,0,20241001,20250612
235547,0,0,0,0,1,0,0,20241021,20260226
235548,0,0,0,0,1,0,0,20241021,20260226
235549,0,0,0,0,1,0,0,20241021,20260226
235580,1,1,1,1,1,1,0,20240401,20261231
235581,1,1,1,1,1,1,1,20240401,20261231
235589,1,1,1,1,1,1,1,20240414,20250413
235620,1,1,1,1,1,0,0,20240401,20300331
235825,0,0,0,0,0,0,1,20240120,20260627
235826,1,1,1,1,1,1,1,20240501,20290430
235827,1,1,1,1,1,1,1,20240501,20290430
235901,1,1,1,1,1,0,0,20240902,20250609
236194,1,1,1,1,1,0,0,20240401,20250316
236195,0,0,0,0,0,1,1,20240401,20250316
236341,1,1,1,1,1,1,1,20240501,20260131
236498,1,1,1,1,1,1,0,20240501,20280930
236522,1,1,1,1,1,0,0,20240902,20250609
236665,1,1,1,1,1,0,0,20240413,20300331
236666,1,1,1,1,1,1,1,20240413,20300331
236667,1,1,1,1,1,1,1,20240413,20300331
236668,1,1,1,1,1,1,1,20240413,20300331
236669,1,1,1,1,1,1,1,20240501,20280930
236670,1,1,1,1,1,1,1,20240413,20300331
236955,1,1,1,1,1,1,1,20240501,20300630
237091,1,1,1,1,1,0,0,20240501,20280930
237092,1,1,1,1,1,0,0,20240501,20280930
237103,1,1,1,1,1,1,1,20240501,20260430
237104,1,1,1,1,1,0,0,20240413,20250316
237105,0,0,0,0,0,1,1,20240413,20250316
237106,1,1,1,1,1,0,0,20240413,20250316
237132,0,0,0,0,0,1,1,20240415,20250316
237133,1,1,1,1,1,0,0,20240415,20250316
237134,1,1,1,1,1,0,0,20240415,20250316
237135,0,0,0,0,0,1,1,20240415,20250316
237202,1,1,1,1,1,1,0,20240501,20280930
237225,1,1,1,1,1,1,1,20240501,20280930
237277,0,0,0,0,0,1,1,20240501,20300630
237278,1,1,1,1,1,1,1,20240501,20300630
237279,1,1,1,1,1,0,0,20240501,20300630
237280,1,1,1,1,1,1,1,20240501,20300630
237281,1,1,1,1,1,1,1,20240501,20300630
237282,1,1,1,1,1,1,1,20240501,20300630
237283,1,1,1,1,1,0,0,20240501,20300630
237284,1,1,1,1,1,0,0,20240501,20300630
237325,1,1,1,1,1,1,0,20240501,20280930
237354,1,1,1,1,1,1,1,20240501,20280930
237528,1,1,1,1,1,0,0,20240429,20260226
237773,1,1,1,1,1,0,0,20240501,20300331
237778,1,1,1,1,1,1,0,20240505,20280501
237824,1,1,1,1,1,1,1,20240501,20250930
237830,1,1,1,1,1,1,0,20240501,20271031
237831,1,1,1,1,1,1,1,20240501,20271031
237832,0,0,0,0,0,0,1,20240501,20271031
238065,1,1,1,1,1,0,0,20240601,20280930
238069,1,1,1,1,1,0,0,20240601,20280930
238233,1,1,1,1,1,1,0,20240601,20260226
238272,1,1,1,1,1,0,0,20240901,20250609
238510,1,1,1,1,1,0,0,20240429,20300331
238511,0,0,0,0,0,1,0,20250303,20260226
238512,0,0,0,0,0,0,1,20250303,20260226
238513,0,0,0,0,0,0,1,20250303,20260226
238523,1,1,1,1,1,0,0,20240429,20300331
238642,1,1,1,1,1,0,0,20250201,20260226
238643,1,1,1,1,1,0,0,20250201,20260226
238644,1,1,1,1,1,0,0,20250201,20260226
238692,1,1,1,1,1,1,1,20240601,20260630
238694,0,0,0,0,1,1,1,20240901,20250531
238695,1,1,1,1,1,1,1,20240601,20260131
238696,1,1,1,1,1,1,1,20240601,20260131
238698,1,1,1,1,1,1,1,20240601,20260131
238699,1,1,1,1,1,1,1,20240601,20260131
238701,0,0,0,0,1,0,1,20240831,20250530
238775,0,0,0,0,0,1,0,20240513,20260226
238776,0,0,0,0,0,1,1,20240513,20260226
238777,1,1,1,1,1,1,0,20240513,20260226
238778,1,1,1,1,1,0,0,20240513,20260226
238779,1,1,1,1,1,1,1,20240513,20260226
238780,1,0,1,0,1,0,0,20240513,20260226
238781,0,1,0,1,0,0,0,20240513,20260226
238784,1,1,1,1,1,1,0,20240513,20260226
238785,1,1,1,1,1,1,1,20240513,20260226
238786,0,0,0,0,0,1,0,20240513,20260226
238787,1,1,1,1,1,0,0,20240513,20250302
238790,0,0,1,0,0,0,0,20240513,20260226
238817,1,1,1,1,1,1,1,20210601,20260115
238818,1,1,1,1,1,1,1,20210601,20260115
239162,1,1,1,1,1,0,0,20240701,20280930
239172,1,1,1,1,1,0,0,20240826,20260226
239173,1,1,1,1,1,0,0,20240826,20260226
239174,1,1,1,1,1,0,0,20240826,20260226
239175,1,1,1,1,1,0,0,20240826,20260226
239209,0,0,0,0,0,1,0,20240601,20260226
239210,0,0,0,0,0,1,0,20240601,20260226
239211,0,0,0,0,0,1,0,20240601,20260226
239212,0,0,0,0,0,1,0,20240601,20260226
239213,0,0,0,0,0,1,0,20240601,20260226
239214,0,0,0,0,0,1,0,20240601,20260226
239215,0,0,0,0,0,1,0,20240601,20260226
239230,0,0,0,0,0,1,0,20250201,20260226
239231,0,0,0,0,0,1,0,20250201,20260226
239232,0,0,0,0,0,0,1,20250201,20260226
239284,1,1,1,1,1,1,1,20240601,20260115
239292,1,1,1,1,1,1,1,20240601,20260630
239293,1,1,1,1,1,1,1,20240601,20260630
239294,0,0,0,0,0,1,0,20240601,20260226
239295,0,0,0,0,0,1,0,20240601,20260226
239296,0,0,0,0,0,1,0,20240601,20260226
239297,0,0,0,0,0,1,0,20240601,20260226
239298,0,0,0,0,0,1,0,20240601,20260226
239299,0,0,0,0,0,1,0,20240601,20260226
239324,0,0,0,0,0,0,1,20240601,20260226
239325,0,0,0,0,0,0,1,20240601,20260226
239326,0,0,0,0,0,0,1,20240601,20260226
239327,0,0,0,0,0,0,1,20240601,20260226
239328,0,0,0,0,0,0,1,20240601,20260226
239329,0,0,0,0,0,0,1,20240601,20260226
239354,1,1,1,1,1,0,0,20240701,20260226
239355,1,1,1,1,1,0,0,20240701,20260226
239356,1,1,1,1,1,0,0,20240701,20260226
239357,1,1,1,1,1,0,0,20240701,20260226
239358,1,1,1,1,1,0,0,20240701,20260226
239365,1,1,1,1,1,0,0,20240601,20280930
239398,1,1,1,1,1,0,0,20241001,20260226
239399,0,0,0,0,0,1,1,20241001,20260226
239400,0,0,0,0,0,1,1,20241001,20260226
239401,0,0,0,0,0,1,1,20241001,20260226
239402,0,0,0,0,0,1,1,20241001,20260226
239410,1,1,1,1,1,0,0,20241001,20260226
239411,1,1,1,1,1,0,0,20241001,20260226
239412,1,1,1,1,1,0,0,20241001,20260226
239413,1,1,1,1,1,0,0,20241001,20260226
239414,1,1,1,1,1,0,0,20241001,20260226
239415,1,1,1,1,1,0,0,20241001,20260226
239416,1,1,1,1,1,0,0,20241001,20260226
239417,1,1,1,1,1,0,0,20241001,20260226
239418,1,1,1,1,1,0,0,20241001,20260226
239419,1,1,1,1,1,0,0,20241001,20260226
239420,1,1,1,1,1,0,0,20241001,20260226
239421,1,1,1,1,1,0,0,20241001,20260226
239422,1,1,1,1,1,0,0,20241001,20260226
239423,1,1,1,1,1,0,0,20241001,20260226
239424,1,1,1,1,1,0,0,20241001,20260226
239425,1,1,1,1,1,0,0,20241001,20260226
239426,1,1,1,1,1,0,0,20241001,20260226
239427,1,1,1,1,1,0,0,20241001,20260226
239428,1,1,1,1,1,0,0,20241001,20260226
239429,1,1,1,1,1,0,0,20241001,20260226
239430,1,1,1,1,1,0,0,20241001,20260226
239451,1,1,1,1,1,0,0,20241001,20260226
239452,1,1,1,1,1,0,0,20241001,20260226
239453,1,1,1,1,1,0,0,20241001,20260226
239465,0,0,0,0,0,1,1,20241001,20260226
239468,1,1,1,1,1,0,0,20241001,20260226
239469,1,1,1,1,1,0,0,20241001,20260226
239470,1,1,1,1,1,0,0,20241001,20260226
239471,1,1,1,1,1,0,0,20241001,20260226
239472,1,1,1,1,1,0,0,20241001,20260226
239477,1,1,1,1,1,0,0,20241001,20260226
239479,1,1,1,1,1,0,0,20240902,20260226
239480,1,1,1,1,1,0,0,20240902,20260226
239484,1,1,1,1,1,0,0,20241001,20260226
239504,0,0,0,0,0,1,0,20240902,20260226
239505,0,0,0,0,0,0,1,20240902,20260226
239530,1,1,1,1,1,0,0,20240601,20300331
239531,1,1,1,1,1,0,0,20240601,20300331
239532,1,1,1,1,1,0,0,20240601,20300331
239533,1,1,1,1,1,0,0,20240601,20300331
239534,1,1,1,1,1,0,0,20240601,20300331
239535,1,1,1,1,1,0,0,20240601,20300331
239536,0,0,0,0,0,1,1,20240601,20300331
239537,0,0,0,0,0,1,1,20240601,20300331
239538,0,0,0,0,0,1,1,20240601,20300331
239539,0,0,0,0,0,1,1,20240601,20300331
239540,0,0,0,0,0,1,1,20240601,20300331
239541,0,0,0,0,0,1,1,20240601,20300331
239542,0,0,0,0,0,1,1,20240601,20300331
239696,1,1,1,1,1,0,0,20240601,20250930
239888,1,1,1,1,1,0,0,20241021,20260226
239889,1,1,1,1,1,0,0,20241021,20260226
239890,1,1,1,1,1,0,0,20241021,20260226
239891,1,1,1,1,1,0,0,20241021,20260226
239892,1,1,1,1,1,0,0,20241021,20260226
239893,1,1,1,1,1,0,0,20241021,20260226
239894,1,1,1,1,1,0,0,20241021,20260226
239895,1,1,1,1,1,0,0,20241021,20260226
239896,1,1,1,1,1,0,0,20241021,20260226
239897,1,1,1,1,1,0,0,20241021,20260226
239898,1,1,1,1,1,0,0,20241021,20260226
239899,1,1,1,1,1,0,0,20241021,20260226
239900,1,1,1,1,1,0,0,20241021,20260226
239901,1,1,1,1,1,0,0,20241021,20260226
239914,1,1,1,1,1,1,1,20240601,20260226
239916,1,0,0,1,0,0,0,20240601,20250930
239953,0,0,0,0,0,1,0,20250303,20260226
240004,0,0,0,0,0,1,0,20240601,20260226
240005,0,0,0,0,0,1,0,20240601,20260226
240006,0,0,0,0,0,1,0,20240601,20260226
240010,1,1,1,1,1,1,1,20240901,20250531
240011,1,1,1,1,1,1,1,20240901,20250531
240012,1,1,1,1,1,1,1,20240901,20250531
240013,1,1,1,1,1,1,1,20240901,20250531
240014,1,1,1,1,1,1,1,20240901,20250531
240015,0,0,0,0,0,1,0,20240601,20260226
240016,0,0,0,0,0,1,0,20240601,20260226
240017,0,0,0,0,0,1,0,20240601,20260226
240018,0,0,0,0,0,1,0,20240601,20260226
240021,0,0,0,0,0,0,1,20240601,20260226
240022,0,0,0,0,0,0,1,20240601,20260226
240023,0,0,0,0,0,0,1,20240601,20260226
240024,0,0,0,0,0,0,1,20240601,20260226
240035,0,0,0,0,0,0,1,20240601,20260226
240036,0,0,0,0,0,0,1,20240601,20260226
240060,0,0,0,0,0,1,0,20240901,20250531
240061,1,1,1,1,1,1,0,20240901,20250531
240157,0,0,0,0,1,0,1,20240601,20260226
240226,1,1,1,1,1,0,0,20250201,20290630
240251,0,0,0,0,0,0,1,20240601,20260226
240252,0,0,0,0,0,0,1,20240601,20260226
240253,0,0,0,0,0,0,1,20240601,20260226
240254,0,0,0,0,0,0,1,20240601,20260226
240255,0,0,0,0,0,0,1,20240601,20260226
240256,0,0,0,0,0,0,1,20240601,20260226
240388,1,1,1,1,1,0,0,20250201,20300930
240453,1,1,1,1,1,0,0,20240601,20260226
240455,1,1,1,1,1,0,0,20240601,20260226
240456,1,1,1,1,1,0,0,20240601,20260226
240467,1,1,0,1,1,0,0,20240601,20260226
240475,0,0,1,0,0,0,0,20240601,20260226
240476,0,0,1,0,0,0,0,20240601,20260226
240485,0,0,1,0,0,1,1,20240601,20260226
240495,0,0,0,0,0,1,1,20240601,20260226
240514,1,1,1,1,1,1,1,20240601,20260226
240518,0,0,0,0,0,0,1,20240601,20260226
240528,0,0,0,0,0,1,0,20240601,20260226
240625,1,1,1,1,1,0,0,20240903,20260226
240630,1,1,1,1,1,0,0,20240903,20260226
240655,1,1,1,1,1,0,0,20240601,20260226
240656,1,1,1,1,1,0,0,20240601,20260226
240662,1,1,1,1,1,1,1,20240601,20260226
240668,0,0,0,0,0,1,1,20240601,20260226
240674,0,0,0,0,0,1,0,20240601,20260226
240918,1,1,1,1,1,0,0,20250201,20290630
240919,1,1,1,1,1,1,0,20250201,20290630
240921,1,1,1,1,1,0,0,20250201,20290630
240923,1,1,1,1,1,0,0,20250201,20290630
240925,1,1,1,1,1,1,1,20250201,20290630
240927,1,1,1,1,1,1,1,20250201,20290630
240929,1,1,1,1,1,0,0,20250201,20290630
241404,1,1,1,1,1,0,0,20240902,20260226
241409,1,1,1,1,1,0,0,20250106,20260226
241410,1,1,1,1,1,0,0,20250106,20260226
241411,1,1,1,1,1,0,0,20240902,20260226
241412,1,1,1,1,1,0,0,20240902,20260226
241413,1,1,1,1,1,0,0,20240902,20260226
241414,1,1,1,1,1,0,0,20250106,20260226
241415,1,1,1,1,1,0,0,20250106,20260226
241416,1,1,1,1,1,0,0,20250106,20260226
241418,1,1,1,1,1,0,0,20250106,20260226
241419,1,1,1,1,1,0,0,20250106,20260226
241420,1,1,1,1,1,0,0,20250106,20260226
241421,1,1,1,1,0,0,0,20240902,20260226
241422,1,1,1,1,0,0,0,20240902,20260226
241423,0,0,0,0,1,0,0,20250106,20260226
241428,0,0,0,0,1,0,0,20240902,20260226
241429,0,0,0,0,1,0,0,20240902,20260226
241431,1,1,1,1,1,0,0,20240902,20260226
241432,1,1,1,1,1,0,0,20240902,20260226
241433,1,1,1,1,1,0,0,20240902,20260226
241434,1,1,1,1,1,0,0,20240902,20260226
241435,1,1,1,1,1,0,0,20240902,20260226
241436,1,1,1,1,1,0,0,20240902,20260226
241451,1,1,1,1,1,1,1,20240601,20290531
241452,1,1,1,1,1,1,1,20250201,20250228
241581,1,1,1,1,1,0,0,20250201,20290630
241623,0,0,0,0,1,0,0,20240621,20260226
241624,0,0,0,0,1,0,0,20240621,20260226
241625,0,0,0,0,1,0,0,20240621,20260226
241757,1,1,1,1,1,0,0,20250201,20290630
241963,1,1,1,1,1,0,0,20240617,20260226
241964,1,1,1,1,1,0,0,20240617,20260226
241965,1,1,1,1,1,1,1,20240617,20260226
241966,0,0,0,0,0,1,1,20240617,20260226
241967,1,1,1,1,1,0,0,20240617,20260226
241969,1,1,1,1,1,1,1,20240617,20260226
241970,1,1,1,1,1,0,0,20240617,20260226
241971,1,1,1,1,1,0,0,20240617,20260226
242049,0,0,0,0,0,1,0,20241021,20260226
242050,0,0,0,0,0,1,0,20241021,20260226
242051,0,0,0,0,0,1,0,20241021,20260226
242137,0,0,1,0,0,0,0,20250201,20300930
242138,0,0,0,0,0,1,0,20250201,20300930
242153,0,0,0,1,0,0,0,20250201,20300930
242170,1,1,0,0,1,1,0,20250201,20300930
242172,1,1,1,1,1,1,0,20250201,20300930
242174,1,1,1,1,1,0,0,20250201,20300930
242189,1,1,1,1,0,0,0,20250201,20300930
242190,0,0,0,0,1,0,0,20250201,20300930
242209,1,1,1,1,1,1,1,20230901,20261114
242453,1,1,1,1,1,0,0,20241001,20260226
242574,0,0,0,0,0,1,0,20240621,20260226
242575,0,0,0,0,0,1,0,20240621,20260226
242576,0,0,0,0,0,1,0,20240621,20260226
242586,1,1,1,1,1,0,0,20241001,20260226
242644,0,0,0,0,0,1,1,20241001,20260226
242659,1,1,1,1,1,0,0,20250201,20300930
242705,0,1,0,0,0,0,0,20240902,20260226
242707,0,0,0,0,1,0,0,20240902,20260226
242710,1,0,0,1,1,0,1,20240901,20250619
242728,0,0,0,0,1,0,1,20240901,20250614
242734,1,1,1,1,1,0,0,20250201,20290630
242735,1,1,1,1,1,1,1,20240620,20261231
242736,1,1,1,1,1,0,0,20250201,20290630
242740,0,0,0,0,1,1,1,20240901,20250531
242741,1,0,0,0,0,1,0,20240901,20250531
242765,0,1,0,0,0,0,0,20240902,20291231
242852,0,0,0,0,0,1,1,20240801,20280930
242901,0,0,0,0,0,1,1,20240613,20291231
242907,1,1,1,1,1,0,0,20250201,20290630
242912,0,0,0,0,0,1,1,20240819,20250609
243018,1,1,1,1,1,0,0,20240826,20260226
243019,1,1,1,1,1,0,0,20240826,20260226
243020,1,1,1,1,1,0,0,20240826,20260226
243021,1,1,1,1,1,0,0,20240826,20260226
243022,1,1,1,1,1,0,0,20240826,20260226
243023,0,0,0,0,0,1,1,20240826,20260226
243024,0,0,0,0,0,1,1,20240826,20260226
243025,0,0,0,0,0,1,1,20240826,20260226
243026,0,0,0,0,0,1,1,20240826,20260226
243027,1,1,1,1,1,0,0,20240826,20260226
243028,1,1,1,1,1,0,0,20240826,20260226
243029,1,1,1,1,1,0,0,20240826,20260226
243030,1,1,1,1,1,0,0,20240826,20260226
243031,1,1,1,1,1,0,0,20240826,20260226
243032,1,1,1,1,1,0,0,20240826,20260226
243033,1,1,1,1,1,0,0,20240826,20260226
243034,1,1,1,1,1,0,0,20240826,20260226
243035,1,1,1,1,1,0,0,20240826,20260226
243036,0,0,0,0,0,1,1,20240826,20260226
243037,0,0,0,0,0,1,1,20240826,20260226
243038,0,0,0,0,0,1,1,20240826,20260226
243040,1,1,1,1,1,0,0,20240826,20260226
243041,1,1,1,1,1,0,0,20240826,20260226
243042,1,1,1,1,1,0,0,20240826,20260226
243043,1,1,1,1,1,0,0,20240826,20260226
243044,1,1,1,1,1,0,0,20240826,20260226
243045,1,1,1,1,1,0,0,20240826,20260226
243046,0,0,0,0,0,1,1,20240826,20260226
243047,0,0,0,0,0,1,1,20240826,20260226
243048,0,0,0,0,0,1,1,20240826,20260226
243057,1,1,1,1,1,0,0,20240826,20260226
243058,1,1,1,1,1,0,0,20240826,20260226
243059,1,1,1,1,1,0,0,20240826,20260226
243060,1,1,1,1,1,0,0,20240826,20260226
243061,0,0,0,0,0,1,1,20240826,20260226
243062,0,0,0,0,0,1,1,20240826,20260226
243063,0,0,0,0,0,1,1,20240826,20260226
243072,1,1,1,1,1,0,0,20240826,20260226
243073,1,1,1,1,1,0,0,20240826,20260226
243074,1,1,1,1,1,0,0,20240826,20260226
243075,1,1,1,1,1,0,0,20240826,20260226
243076,1,1,1,1,1,0,0,20240826,20260226
243077,1,1,1,1,1,0,0,20240826,20260226
243078,1,1,1,1,1,0,0,20240826,20260226
243079,1,1,1,1,1,0,0,20240826,20260226
243080,0,0,0,0,0,1,1,20240826,20260226
243081,0,0,0,0,0,1,1,20240826,20260226
243082,0,0,0,0,0,1,1,20240826,20260226
243083,0,0,0,0,0,1,1,20240826,20260226
243084,0,0,0,0,0,1,1,20240826,20260226
243085,0,0,0,0,0,1,1,20240826,20260226
243104,1,1,1,1,1,0,0,20240826,20260226
243105,1,1,1,1,1,0,0,20240826,20260226
243106,1,1,1,1,1,0,0,20240826,20260226
243107,1,1,1,1,1,0,0,20240826,20260226
243108,1,1,1,1,1,0,0,20240826,20260226
243109,1,1,1,1,1,0,0,20240826,20260226
243110,1,1,1,1,1,0,0,20240826,20260226
243111,1,1,1,1,1,0,0,20240826,20260226
243112,0,0,0,0,0,1,1,20240826,20260226
243113,0,0,0,0,0,1,1,20240826,20260226
243114,0,0,0,0,0,1,1,20240826,20260226
243115,0,0,0,0,0,1,1,20240826,20260226
243116,0,0,0,0,0,1,1,20240826,20260226
243117,0,0,0,0,0,1,1,20240826,20260226
243299,1,1,1,1,1,0,0,20240826,20260226
243300,1,1,1,1,1,0,0,20240826,20260226
243301,1,1,1,1,1,0,0,20240826,20260226
243302,1,1,1,1,1,0,0,20240826,20260226
243303,1,1,1,1,1,0,0,20240826,20260226
243304,1,1,1,1,1,0,0,20240826,20260226
243305,1,1,1,1,1,0,0,20240826,20260226
243313,0,0,0,0,0,1,1,20240826,20260226
243314,0,0,0,0,0,1,1,20240826,20260226
243315,0,0,0,0,0,1,1,20240826,20260226
243316,1,1,1,1,1,0,0,20240826,20260226
243317,1,1,1,1,1,0,0,20240826,20260226
243318,1,1,1,1,1,0,0,20240826,20260226
243319,0,0,0,0,0,1,1,20240826,20260226
243320,0,0,0,0,0,1,1,20240826,20260226
243335,0,0,0,0,0,1,1,20240826,20260226
243336,0,0,0,0,0,1,1,20240826,20260226
243337,0,0,0,0,0,1,1,20240826,20260226
243338,0,0,0,0,0,1,1,20240826,20260226
243342,1,1,1,1,1,0,0,20240826,20260226
243351,0,0,0,0,0,1,0,20240826,20260226
243352,0,0,0,0,0,0,1,20240826,20260226
243475,0,0,0,0,0,0,1,20240701,20260226
243476,0,0,0,0,0,0,1,20240701,20260226
243477,0,0,0,0,0,0,1,20240701,20260226
243478,0,0,0,0,0,0,1,20240701,20260226
243479,0,0,0,0,0,0,1,20240701,20260226
243480,0,0,0,0,0,0,1,20240701,20260226
243481,0,0,0,0,0,1,0,20240701,20260226
243482,0,0,0,0,0,1,0,20240701,20260226
243483,0,0,0,0,0,1,0,20240701,20260226
243484,0,0,0,0,0,1,0,20240701,20260226
243485,0,0,0,0,0,1,0,20240701,20260226
243486,0,0,0,0,0,1,0,20240701,20260226
243487,1,1,1,1,1,0,0,20240701,20260226
243488,1,1,1,1,1,0,0,20240701,20260226
243489,1,1,1,1,1,0,0,20240701,20260226
243490,1,1,1,1,1,0,0,20240701,20260226
243491,1,1,1,1,1,0,0,20240701,20260226
243492,1,1,1,1,1,0,0,20240701,20260226
243493,1,1,1,1,1,0,0,20240701,20260226
243494,1,1,1,1,1,0,0,20240701,20260226
243508,0,0,0,0,0,1,0,20240701,20260226
243509,0,0,0,0,0,1,0,20240701,20260226
243510,0,0,0,0,0,1,0,20240701,20260226
243511,0,0,0,0,0,1,0,20240701,20260226
243512,0,0,0,0,0,1,0,20240701,20260226
243513,0,0,0,0,0,1,0,20240701,20260226
243514,0,0,0,0,0,1,0,20240701,20260226
243515,0,0,0,0,0,1,0,20240701,20260226
243516,0,0,0,0,0,0,1,20240701,20260226
243517,0,0,0,0,0,0,1,20240701,20260226
243518,0,0,0,0,0,0,1,20240701,20260226
243519,0,0,0,0,0,0,1,20240701,20260226
243520,0,0,0,0,0,0,1,20240701,20260226
243521,0,0,0,0,0,0,1,20240701,20260226
243522,0,0,0,0,0,0,1,20240701,20260226
243523,0,0,0,0,0,0,1,20240701,20260226
243524,1,1,1,1,1,1,1,20240901,20261114
243529,0,0,0,0,0,1,1,20240826,20260226
243530,0,0,0,0,0,1,1,20240826,20260226
243531,0,0,0,0,0,1,1,20240826,20260226
243532,0,0,0,0,0,1,1,20240826,20260226
243533,0,0,0,0,0,1,1,20240826,20260226
243534,0,0,0,0,0,1,1,20240826,20260226
243562,1,1,1,1,1,0,0,20240819,20250609
243564,0,0,0,0,0,0,1,20240819,20250609
243565,1,1,1,1,0,1,0,20240819,20250609
243600,1,1,1,1,1,0,0,20240826,20260226
243601,1,1,1,1,1,0,0,20240826,20260226
243602,1,1,1,1,1,0,0,20240826,20260226
243603,1,1,1,1,1,0,0,20240826,20260226
243604,1,1,1,1,1,0,0,20240826,20260226
243605,1,1,1,1,1,0,0,20240826,20260226
243606,1,1,1,1,1,0,0,20240826,20260226
243677,1,1,1,1,1,0,0,20240826,20260226
243678,0,0,0,0,0,1,0,20240826,20260226
243686,1,1,1,1,1,0,0,20241001,20260226
243687,1,1,1,1,1,0,0,20241001,20260226
243688,1,1,1,1,1,1,1,20240801,20290731
243689,1,1,1,1,1,1,1,20240801,20290731
243690,1,1,1,1,1,1,1,20240801,20290731
243691,1,1,1,1,1,1,0,20240801,20290731
243692,1,1,1,1,1,1,0,20240801,20290731
243693,1,1,1,1,1,1,1,20240801,20290731
243694,1,1,1,1,1,1,1,20240801,20290731
243740,1,1,1,1,1,0,0,20240901,20260226
243741,1,1,1,1,1,0,0,20240901,20260226
243742,1,1,1,1,1,0,0,20240901,20260226
243743,1,1,1,1,1,0,0,20240901,20260226
243744,1,1,1,1,1,0,0,20240901,20260226
243745,1,1,1,1,1,0,0,20240901,20260226
243746,1,1,1,1,1,0,0,20240901,20260226
243747,1,1,1,1,1,0,0,20240901,20260226
243748,1,1,1,1,1,0,0,20240901,20260226
243749,1,1,1,1,1,0,0,20240901,20260226
243750,1,1,1,1,1,0,0,20240901,20260226
243751,1,1,1,1,1,0,0,20240901,20260226
243752,1,1,1,1,1,0,0,20240901,20260226
243753,1,1,1,1,1,0,0,20240901,20260226
243780,1,1,1,1,1,0,0,20241001,20260226
243781,1,1,1,1,1,0,0,20241001,20260226
243782,1,1,1,1,1,0,0,20241001,20260226
243783,1,1,1,1,1,0,0,20241001,20260226
243790,1,1,1,1,1,0,0,20241001,20260226
243793,1,1,1,1,1,0,0,20241001,20260226
243794,1,1,1,1,1,0,0,20241001,20260226
243795,1,1,1,1,1,0,0,20241001,20260226
243796,1,1,1,1,1,0,0,20241001,20260226
243797,1,1,1,1,1,0,0,20241001,20260226
243798,1,1,1,1,1,0,0,20241001,20260226
243799,1,1,1,1,1,0,0,20241001,20260226
243800,1,1,1,1,1,0,0,20241001,20260226
243829,1,0,1,0,1,1,0,20250201,20290630
243874,0,0,0,0,0,1,0,20250201,20290630
243884,0,0,0,0,0,1,0,20250201,20290630
243989,1,1,1,1,1,1,0,20250201,20290630
243991,0,0,0,0,0,1,0,20250201,20290630
244007,1,1,1,1,1,1,0,20250201,20290630
244011,0,0,0,0,0,0,1,20250201,20290630
244017,1,1,1,1,1,1,1,20250201,20290630
244019,0,0,0,0,0,1,1,20250201,20290630
244037,0,0,0,0,0,1,1,20250201,20290630
244039,0,0,0,0,0,1,1,20250201,20290630
244040,1,1,1,1,1,0,0,20240901,20300731
244045,1,1,1,1,1,1,1,20250201,20290630
244225,0,0,0,0,0,1,1,20241001,20260226
244226,0,0,0,0,0,1,1,20241001,20260226
244227,0,0,0,0,0,1,1,20241001,20260226
244228,0,0,0,0,0,1,1,20241001,20260226
244229,0,0,0,0,0,1,1,20241001,20260226
244230,0,0,0,0,0,1,1,20241001,20260226
244231,0,0,0,0,0,1,1,20241001,20260226
244232,0,0,0,0,0,1,1,20241001,20260226
244233,0,0,0,0,0,1,1,20241001,20260226
244234,0,0,0,0,0,1,1,20241001,20260226
244235,0,0,0,0,0,1,1,20241001,20260226
244236,0,0,0,0,0,1,1,20241001,20260226
244237,0,0,0,0,0,1,1,20241001,20260226
244238,0,0,0,0,0,1,1,20241001,20260226
244239,0,0,0,0,0,1,1,20241001,20260226
244240,0,0,0,0,0,1,1,20241001,20260226
244241,0,0,0,0,0,1,1,20241001,20260226
244242,0,0,0,0,0,1,1,20241001,20260226
244243,0,0,0,0,0,1,1,20241001,20260226
244244,0,0,0,0,0,1,1,20241001,20260226
244245,0,0,0,0,0,1,1,20241001,20260226
244246,0,0,0,0,0,1,1,20241001,20260226
244248,0,0,0,0,0,1,1,20241001,20260226
244249,0,0,0,0,0,1,1,20241001,20260226
244250,0,0,0,0,0,1,1,20241001,20260226
244251,0,0,0,0,0,1,1,20241001,20260226
244252,0,0,0,0,0,1,1,20241001,20260226
244253,0,0,0,0,0,1,1,20240902,20260226
244254,0,0,0,0,0,1,1,20240902,20260226
244255,0,0,0,0,0,1,1,20241001,20260226
244256,0,0,0,0,0,1,1,20240902,20260226
244257,0,0,0,0,0,1,1,20240902,20260226
244492,1,1,1,1,1,0,0,20240903,20260226
244493,1,1,1,1,1,0,0,20240903,20260226
244504,1,1,1,1,1,0,0,20240903,20260226
244520,1,1,1,1,1,0,0,20240902,20260226
244521,1,1,1,1,1,0,0,20240902,20260226
244522,1,1,1,1,1,0,0,20240902,20260226
244559,1,1,1,1,1,0,0,20240901,20260226
244560,1,1,1,1,1,0,0,20240901,20260226
244567,1,1,1,1,1,0,0,20240903,20260226
244620,1,1,1,1,1,0,0,20240801,20280930
244636,1,1,1,1,1,0,0,20240801,20280930
244671,1,1,1,1,1,0,0,20240826,20260226
244672,1,1,1,1,1,0,0,20240826,20260226
244673,1,1,1,1,1,0,0,20240826,20260226
244674,1,1,1,1,1,0,0,20240826,20260226
244675,1,1,1,1,1,0,0,20240826,20260226
244676,1,1,1,1,1,0,0,20240826,20260226
244677,1,1,1,1,1,0,0,20240826,20260226
244678,1,1,1,1,1,0,0,20240826,20260226
244679,1,1,1,1,1,0,0,20240826,20260226
244680,1,1,1,1,1,0,0,20240826,20260226
244681,1,1,1,1,1,0,0,20240826,20260226
244875,1,1,1,1,1,0,0,20240801,20250331
244971,0,0,0,0,1,0,0,20240902,20260226
244972,0,0,0,0,0,1,0,20240902,20260226
244998,1,1,1,1,1,0,0,20240902,20260226
244999,1,1,1,1,1,0,0,20240902,20260226
245000,1,1,1,1,1,0,0,20240902,20260226
245001,0,0,0,0,0,1,1,20240902,20260226
245002,0,0,0,0,0,1,1,20240902,20260226
245061,1,1,1,1,1,0,0,20240801,20280930
245062,1,1,1,1,1,0,0,20240801,20250228
245063,1,1,1,1,1,0,0,20240801,20280930
245064,1,1,1,1,1,0,0,20240801,20280930
245065,1,1,1,1,1,0,0,20240801,20280930
245107,1,1,1,1,1,1,1,20240712,20300331
245109,0,0,0,0,0,1,1,20240902,20260226
245110,0,0,0,0,0,1,1,20240902,20260226
245112,0,0,0,0,0,1,1,20240902,20260226
245235,0,0,0,0,0,1,0,20240801,20280930
245256,0,0,0,0,0,1,0,20240901,20260226
245257,0,0,0,0,0,1,0,20240901,20260226
245259,0,0,0,0,0,1,0,20240901,20260226
245260,0,0,0,0,0,1,0,20240901,20260226
245277,0,0,0,0,0,1,1,20240902,20260226
245278,0,0,0,0,0,1,1,20240902,20260226
245279,0,0,0,0,0,1,1,20240902,20260226
245281,0,0,0,0,0,1,1,20240902,20260226
245285,0,0,0,0,0,1,1,20240902,20260226
245286,1,1,1,1,1,0,0,20240902,20260226
245308,1,1,1,1,1,0,0,20240902,20260226
245331,1,1,1,1,1,0,0,20240902,20260226
245349,1,1,1,1,1,0,0,20240902,20260226
245350,1,1,1,1,1,0,0,20240902,20260226
245351,1,1,1,1,1,0,0,20240902,20260226
245352,1,1,1,1,1,0,0,20240902,20260226
245353,1,1,1,1,1,0,0,20240902,20260226
245354,1,1,1,1,1,0,0,20240902,20260226
245355,1,1,1,1,1,0,0,20240902,20260226
245649,1,1,1,1,1,1,1,20240722,20250331
245650,1,1,1,1,1,1,1,20240722,20250331
245651,1,1,1,1,1,0,0,20240722,20250331
245652,0,0,0,0,0,1,1,20240722,20250331
245653,1,1,1,1,1,0,0,20240722,20250331
245654,1,1,1,1,1,0,0,20240722,20250331
245655,0,0,0,0,0,1,1,20240722,20250331
245656,0,0,0,0,0,1,1,20240722,20250331
245657,1,1,1,1,1,1,1,20240722,20250331
245658,1,1,1,1,1,0,0,20240722,20250331
245659,1,1,1,1,1,1,1,20240722,20250331
245660,0,0,0,0,0,1,1,20240722,20250331
245661,0,0,0,0,0,1,1,20240722,20250331
245662,0,0,0,0,0,1,1,20240722,20250331
245663,1,1,1,1,1,1,1,20240722,20250331
245664,1,1,1,1,1,0,0,20240722,20250331
245665,1,1,1,1,1,0,0,20240722,20250331
245666,1,1,1,1,1,1,1,20240722,20250331
245667,1,1,1,1,1,0,0,20240722,20250331
245668,1,1,1,1,1,1,1,20240722,20250331
245669,0,0,0,0,0,1,1,20240722,20250331
245670,1,1,1,1,1,0,0,20240722,20250331
245671,1,1,1,1,1,1,1,20240722,20250331
245672,1,1,1,1,1,0,0,20240722,20250331
245673,0,0,0,0,0,1,1,20240722,20250331
245674,1,1,1,1,1,1,1,20240722,20250331
245675,0,0,0,0,0,1,1,20240722,20250331
245676,1,1,1,1,1,1,1,20240722,20250331
245677,1,1,1,1,1,1,1,20240722,20250331
245678,1,1,1,1,1,1,1,20240722,20250331
245679,1,1,1,1,1,1,1,20240722,20250331
245680,1,1,1,1,1,0,0,20240722,20250331
245681,0,0,0,0,0,1,1,20240722,20250331
245682,1,1,1,1,1,0,0,20240722,20250331
245683,0,0,0,0,0,1,1,20240722,20250331
245684,1,1,1,1,1,1,1,20240722,20250331
245685,1,1,1,1,1,1,1,20240722,20250331
245770,1,1,1,1,1,0,0,20240722,20250331
245771,1,1,1,1,1,0,0,20240722,20250331
245772,1,1,1,1,1,0,0,20240722,20250331
245773,1,1,1,1,1,0,0,20240722,20250331
245774,1,1,1,1,1,0,0,20240722,20250331
245775,1,1,1,1,1,0,0,20240722,20250331
245776,1,1,1,1,1,0,0,20240722,20250331
245777,1,1,1,1,1,0,0,20240722,20250331
245778,1,1,1,1,1,0,0,20240722,20250331
245779,1,1,1,1,1,0,0,20240722,20250331
245780,1,1,1,1,1,0,0,20240722,20250331
246010,1,1,1,1,1,0,0,20240902,20260226
246011,1,1,1,1,1,0,0,20240902,20260226
246012,1,1,1,1,1,0,0,20240902,20260226
246013,1,1,1,1,1,0,0,20240902,20260226
246014,1,1,1,1,1,0,0,20240902,20260226
246015,1,1,1,1,1,0,0,20240902,20260226
246016,1,1,1,1,1,0,0,20240902,20260226
246017,1,1,1,1,1,0,0,20240902,20260226
246018,1,1,1,1,1,0,0,20240902,20260226
246019,1,1,1,1,1,0,0,20240902,20260226
246020,1,1,1,1,1,0,0,20240903,20260226
246021,1,1,1,1,1,0,0,20240903,20260226
246022,1,1,1,1,1,0,0,20240903,20260226
246023,1,1,1,1,1,0,0,20240903,20260226
246024,1,1,1,1,1,0,0,20240903,20260226
246025,1,1,1,1,1,0,0,20240903,20260226
246026,1,1,1,1,1,0,0,20240903,20260226
246027,1,1,1,1,1,0,0,20240903,20260226
246028,1,1,1,1,1,0,0,20240903,20260226
246029,1,1,1,1,1,0,0,20240903,20260226
246030,1,1,1,1,1,0,0,20250106,20260226
246031,1,1,1,1,1,0,0,20250106,20260226
246032,1,1,1,1,1,0,0,20240902,20260226
246033,1,1,1,1,1,0,0,20240902,20260226
246035,0,0,0,0,1,0,0,20240902,20260226
246036,1,1,1,1,1,0,0,20240902,20260226
246085,0,0,0,0,0,1,1,20250201,20290630
246127,1,1,1,1,1,0,0,20240902,20260226
246128,1,1,1,1,1,0,0,20240902,20260226
246129,0,0,0,0,0,1,1,20240902,20260226
246130,0,0,0,0,0,1,1,20240902,20260226
246133,1,1,1,1,1,0,0,20240902,20260226
246134,1,1,1,1,1,0,0,20240902,20260226
246135,1,1,1,1,1,0,0,20250201,20300930
246136,1,1,1,1,1,0,0,20240902,20260226
246137,1,1,1,1,1,0,0,20240902,20260226
246138,1,1,1,1,1,0,0,20240902,20260226
246139,1,1,1,1,1,0,0,20240902,20260226
246142,1,1,1,1,1,0,0,20240902,20260226
246145,1,1,1,1,1,0,0,20240902,20260226
246146,1,1,1,1,1,0,0,20240902,20260226
246154,0,0,0,0,0,1,1,20240902,20260226
246155,0,0,0,0,0,1,1,20240902,20260226
246156,0,0,0,0,0,1,1,20240902,20260226
246158,0,0,0,0,0,1,1,20240902,20260226
246159,0,0,0,0,0,1,1,20240902,20260226
246160,0,0,0,0,0,1,1,20240902,20260226
246182,1,1,1,1,1,0,0,20240801,20260226
246183,1,1,1,1,1,0,0,20240901,20260226
246184,1,1,1,1,1,0,0,20240901,20260226
246185,1,1,1,1,1,0,0,20240901,20260226
246186,1,1,1,1,1,0,0,20240901,20260226
246187,1,1,1,1,1,0,0,20240901,20260226
246188,1,1,1,1,1,0,0,20240901,20260226
246189,1,1,1,1,1,0,0,20240901,20260226
246190,1,1,1,1,1,0,0,20240901,20260226
246191,1,1,1,1,1,0,0,20240901,20260226
246192,1,1,1,1,1,0,0,20240901,20260226
246193,1,1,1,1,1,0,0,20240901,20260226
246203,1,1,1,1,1,0,0,20250201,20300930
246338,1,1,1,1,1,1,1,20250201,20300930
246345,0,0,0,0,0,0,1,20240120,20260627
246356,0,0,0,0,0,1,1,20240902,20260226
246357,0,0,0,0,0,1,1,20240902,20260226
246358,0,0,0,0,0,1,1,20240902,20260226
246359,0,0,0,0,0,1,1,20240902,20260226
246360,0,0,0,0,0,1,1,20240902,20260226
246366,1,1,1,1,1,1,1,20240801,20260226
246367,0,0,0,0,0,1,1,20240902,20260226
246368,0,0,0,0,0,1,1,20240902,20260226
246369,0,0,0,0,0,1,1,20240902,20260226
246370,0,0,0,0,0,1,1,20240902,20260226
246371,0,0,0,0,0,1,1,20240902,20260226
246372,0,0,0,0,0,1,1,20240902,20260226
246373,0,0,0,0,0,1,1,20240902,20260226
246374,0,0,0,0,0,1,1,20240902,20260226
246375,0,0,0,0,0,1,1,20240902,20260226
246376,0,0,0,0,0,1,1,20240902,20260226
246377,0,0,0,0,0,1,1,20240902,20260226
246378,0,0,0,0,0,1,1,20240902,20260226
246382,0,0,0,0,0,1,1,20240902,20250302
246383,0,0,0,0,0,1,1,20240902,20250302
246384,0,0,0,0,0,1,1,20240902,20260226
246385,0,0,0,0,0,1,1,20240902,20260226
246386,0,0,0,0,0,1,1,20240902,20260226
246387,0,0,0,0,0,1,1,20240902,20260226
246388,0,0,0,0,0,1,1,20240902,20260226
246389,0,0,0,0,0,1,1,20240902,20260226
246395,0,0,0,0,0,1,1,20240902,20260226
246396,0,0,0,0,0,1,1,20240902,20260226
246397,1,1,1,1,1,0,0,20240902,20260226
246398,1,1,1,1,1,0,0,20240902,20260226
246399,1,1,1,1,1,0,0,20240902,20260226
246400,1,1,1,1,1,0,0,20240902,20260226
246401,1,1,1,1,1,0,0,20240902,20260226
246402,1,1,1,1,1,0,0,20240902,20260226
246403,1,1,1,1,1,0,0,20240902,20260226
246404,1,1,1,1,1,0,0,20240902,20260226
246405,1,1,1,1,1,0,0,20240902,20260226
246406,1,1,1,1,1,0,0,20240902,20260226
246407,1,1,1,1,1,0,0,20240902,20260226
246408,1,1,1,1,1,0,0,20240902,20260226
246409,1,1,1,1,1,0,0,20240902,20260226
246410,1,1,1,1,1,0,0,20240902,20260226
246411,1,1,1,1,1,0,0,20240902,20260226
246412,1,1,1,1,1,0,0,20240902,20260226
246413,1,1,1,1,1,0,0,20240902,20260226
246414,1,1,1,1,1,0,0,20240902,20260226
246415,1,1,1,1,1,0,0,20240902,20260226
246416,1,1,1,1,1,0,0,20240902,20260226
246417,1,1,1,1,1,0,0,20240902,20260226
246422,1,1,1,1,1,0,0,20240902,20250302
246423,1,1,1,1,1,0,0,20240902,20250302
246424,1,1,1,1,1,0,0,20240902,20250302
246425,1,1,1,1,1,0,0,20240902,20250302
246426,1,1,1,1,1,0,0,20240902,20250302
246427,1,1,1,1,1,0,0,20240902,20260226
246428,1,1,1,1,1,0,0,20240902,20260226
246429,1,1,1,1,1,0,0,20240902,20260226
246430,1,1,1,1,1,0,0,20240902,20260226
246431,1,1,1,1,1,0,0,20240902,20260226
246432,1,1,1,1,1,0,0,20240902,20260226
246433,1,1,1,1,1,0,0,20240902,20260226
246434,1,1,1,1,1,0,0,20240902,20260226
246435,1,1,1,1,1,0,0,20240902,20260226
246436,1,1,1,1,1,0,0,20240902,20260226
246437,1,1,1,1,1,0,0,20240902,20260226
246438,1,1,1,1,1,0,0,20240902,20260226
246439,1,1,1,1,1,0,0,20240902,20260226
246440,1,1,1,1,1,0,0,20240902,20260226
246441,1,1,1,1,1,0,0,20240902,20260226
246442,1,1,1,1,1,0,0,20240902,20260226
246443,1,1,1,1,1,0,0,20240902,20260226
246444,1,1,1,1,1,0,0,20240902,20260226
246445,1,1,1,1,1,0,0,20240902,20260226
246446,1,1,1,1,1,0,0,20240902,20260226
246447,1,1,1,1,1,0,0,20240902,20260226
246448,1,1,1,1,1,0,0,20240902,20260226
246449,1,1,1,1,1,0,0,20240902,20260226
246451,1,1,1,1,1,0,0,20240819,20260226
246453,1,1,1,1,1,0,0,20250201,20250228
246459,0,1,1,1,1,0,0,20250201,20250228
246471,1,0,1,0,1,0,0,20250201,20300930
246479,0,1,1,0,0,0,0,20250201,20300930
246480,1,0,0,1,1,0,0,20250201,20300930
246481,1,1,1,1,1,0,0,20250201,20250228
246684,0,0,0,0,0,1,1,20240901,20280930
246685,1,1,0,1,1,0,1,20240901,20280930
246686,0,0,1,0,0,0,0,20240901,20280930
246792,1,1,1,1,1,0,0,20240901,20250609
246793,1,1,1,1,1,0,0,20240819,20260226
246809,0,0,0,0,0,1,0,20241021,20260226
246810,0,0,0,0,0,1,0,20241021,20260226
246811,0,0,0,0,0,1,0,20241021,20260226
246882,1,1,1,1,1,0,0,20250201,20290630
246884,1,1,1,1,1,0,0,20250201,20290630
246886,1,1,1,1,1,0,0,20250201,20290630
246888,1,1,1,1,1,1,1,20250201,20290630
246890,1,1,1,1,1,0,0,20250201,20290630
246892,1,1,1,1,1,0,0,20250201,20290630
246894,1,1,1,1,1,0,0,20250201,20290630
246898,1,1,1,1,1,0,0,20250201,20290630
246900,1,1,1,1,1,0,0,20250201,20290630
246902,0,0,0,0,0,1,0,20250201,20290630
246906,1,1,1,1,1,1,0,20250201,20290630
246908,1,1,1,1,1,0,1,20250201,20290630
246912,1,1,1,1,1,1,1,20250201,20290630
246914,1,1,1,1,1,1,1,20250201,20290630
246918,1,0,0,1,1,0,0,20250201,20290630
246920,0,1,1,0,0,0,0,20250201,20290630
246922,1,1,1,1,1,1,0,20250201,20290630
246924,1,0,0,1,1,1,1,20250201,20290630
246928,0,0,0,0,0,0,1,20250201,20290630
246932,1,1,1,1,1,1,0,20250201,20290630
246934,0,0,0,0,0,0,1,20250201,20290630
246938,0,0,0,0,0,1,0,20250201,20290630
246940,0,0,0,0,0,0,1,20250201,20290630
246944,1,1,1,1,1,1,1,20250201,20290630
246946,1,1,1,1,1,0,1,20250201,20290630
246950,0,1,0,1,0,1,1,20250201,20290630
246952,1,1,1,1,1,1,1,20250201,20290630
246954,1,1,1,1,1,1,1,20250201,20290630
246956,1,1,1,1,1,0,0,20250201,20290630
246958,1,1,1,1,1,0,0,20250201,20290630
246962,0,0,1,0,0,0,0,20250201,20290630
246964,1,1,1,1,1,0,0,20250201,20290630
246966,1,1,1,1,1,1,1,20250201,20290630
246968,1,1,1,1,1,1,0,20250201,20290630
246970,1,1,1,1,1,0,0,20250201,20290630
246972,1,0,0,0,1,0,0,20250201,20290630
246978,1,1,1,1,1,0,0,20250201,20290630
247170,0,0,0,0,0,1,1,20240805,20250331
247171,1,1,1,1,1,0,0,20240805,20250331
247172,1,1,1,1,1,0,0,20240805,20250331
247173,1,1,1,1,1,1,1,20240805,20250331
247174,1,1,1,1,1,1,1,20240805,20250331
247175,1,1,1,1,1,1,1,20240805,20250331
247176,1,1,1,1,1,1,1,20240805,20250331
247177,0,0,0,0,0,1,1,20240805,20250331
247178,1,1,1,1,1,1,1,20240805,20250331
247179,1,1,1,1,1,1,1,20240805,20250331
247180,1,1,1,1,1,1,1,20240805,20250331
247181,1,1,1,1,1,1,1,20240805,20250331
247182,1,1,1,1,1,1,1,20240805,20250331
247183,1,1,1,1,1,1,1,20240805,20250331
247184,1,1,1,1,1,1,1,20240805,20250331
247185,1,1,1,1,1,1,1,20240805,20250331
247186,1,1,1,1,1,1,1,20240805,20250331
247187,1,1,1,1,1,1,1,20240805,20250331
247188,1,1,1,1,1,1,1,20240805,20250331
247189,1,1,1,1,1,1,1,20240805,20250331
247190,0,0,0,0,0,1,1,20240805,20250331
247191,0,0,0,0,0,1,1,20240805,20250331
247192,1,1,1,1,1,0,0,20240805,20250331
247193,0,0,0,0,0,1,1,20240805,20250331
247194,0,0,0,0,0,1,1,20240805,20250331
247195,1,1,1,1,1,0,0,20240805,20250331
247196,1,1,1,1,1,0,0,20240805,20250331
247197,1,1,1,1,1,0,0,20240805,20250331
247198,1,1,1,1,1,1,1,20240805,20250331
247199,0,0,0,0,0,1,1,20240805,20250331
247200,1,1,1,1,1,1,1,20240805,20250331
247201,1,1,1,1,1,1,1,20240805,20250331
247202,1,1,1,1,1,1,1,20240805,20250331
247203,0,0,0,0,0,1,1,20240805,20250331
247204,0,0,0,0,0,1,1,20240805,20250331
247205,1,1,1,1,1,0,0,20240805,20250331
247206,1,1,1,1,1,1,1,20240805,20250331
247207,0,0,0,0,0,1,1,20240805,20250331
247208,0,0,0,0,0,1,1,20240805,20250331
247209,1,1,1,1,1,1,1,20240805,20250331
247210,1,1,1,1,1,0,0,20240805,20250331
247211,0,0,0,0,0,1,1,20240805,20250331
247212,0,0,0,0,0,1,1,20240805,20250331
247213,1,1,1,1,1,0,0,20240805,20250331
247246,1,1,1,1,1,0,0,20240805,20250331
247247,1,1,1,1,1,0,0,20240805,20250331
247248,1,1,1,1,1,0,0,20240805,20250331
247249,1,1,1,1,1,0,0,20240805,20250331
247250,1,1,1,1,1,0,0,20240805,20250331
247251,1,1,1,1,1,0,0,20240805,20250331
247252,1,1,1,1,1,0,0,20240805,20250331
247253,1,1,1,1,1,0,0,20240805,20250331
247254,1,1,1,1,1,0,0,20240805,20250331
247255,1,1,1,1,1,0,0,20240805,20250331
247256,1,1,1,1,1,0,0,20240805,20250331
247257,1,1,1,1,1,0,0,20240805,20250331
247258,1,1,1,1,1,0,0,20240805,20250331
247259,1,1,1,1,1,0,0,20240805,20250331
247260,1,1,1,1,1,0,0,20240805,20250331
247261,1,1,1,1,1,0,0,20240805,20250331
247262,1,1,1,1,1,0,0,20240805,20250331
247263,1,1,1,1,1,0,0,20240805,20250331
247264,1,1,1,1,1,0,0,20240805,20250331
247265,1,1,1,1,1,0,0,20240805,20250331
247266,1,1,1,1,1,0,0,20240805,20250331
247267,1,1,1,1,1,0,0,20240805,20250331
247268,1,1,1,1,1,0,0,20240805,20250331
247269,1,1,1,1,1,0,0,20240805,20250331
247270,1,1,1,1,1,0,0,20240805,20250331
247271,1,1,1,1,1,0,0,20240805,20250331
247272,1,1,1,1,1,1,1,20240805,20250331
247273,1,1,1,1,1,1,1,20240805,20250331
247274,1,1,1,1,1,1,1,20240805,20250331
247275,1,1,1,1,1,1,1,20240805,20250331
247276,1,1,1,1,1,1,1,20240805,20250331
247279,1,1,1,1,1,0,0,20250201,20300930
247284,1,1,1,1,1,0,0,20250201,20300930
247295,0,1,0,0,1,0,0,20250201,20300930
247299,0,0,1,0,0,0,0,20250201,20300930
247300,1,1,1,1,1,1,1,20250201,20300930
247311,0,0,0,0,0,1,1,20241101,20260226
247326,1,1,1,1,1,0,0,20240901,20260226
247327,1,1,1,1,1,0,0,20240901,20260226
247328,1,1,1,1,1,0,0,20240901,20260226
247329,1,1,1,1,1,0,0,20240901,20260226
247330,1,1,1,1,1,0,0,20240901,20260226
247331,1,1,1,1,1,0,0,20240901,20260226
247332,1,1,1,1,1,0,0,20240901,20260226
247333,1,1,1,1,1,0,0,20240901,20260226
247334,1,1,1,1,1,0,0,20240901,20260226
247335,1,1,1,1,1,0,0,20240901,20260226
247336,1,1,1,1,1,0,0,20240901,20260226
247387,1,1,1,1,1,0,0,20250201,20300930
247388,1,1,1,1,1,1,1,20240901,20250617
247389,1,1,1,1,1,1,1,20240901,20250617
247390,1,1,1,1,1,1,1,20240901,20250617
247408,1,1,1,1,1,0,0,20250201,20300930
247410,1,1,1,1,1,1,1,20240810,20260609
247412,1,1,1,1,1,1,1,20250201,20290630
247576,0,0,0,0,0,1,1,20250201,20290630
247578,0,0,0,0,0,1,1,20250201,20290630
247580,0,0,0,0,0,1,1,20250201,20290630
247582,0,0,0,0,0,1,1,20250201,20290630
247807,1,1,1,1,1,1,1,20240810,20250228
247854,0,0,0,0,0,1,1,20240901,20260226
247866,1,1,1,1,1,0,0,20240902,20260226
247867,0,0,0,0,0,1,1,20240902,20260226
247871,1,1,1,1,1,0,0,20240902,20260226
247872,1,1,1,1,1,0,0,20240902,20260226
247873,1,1,1,1,1,0,0,20240902,20260226
247874,1,1,1,1,1,0,0,20240902,20260226
247875,1,1,1,1,1,0,0,20240902,20260226
247876,1,1,1,1,1,0,0,20240902,20260226
247877,1,1,1,1,1,0,0,20240902,20260226
247878,1,1,1,1,1,0,0,20240902,20260226
247884,1,1,1,1,1,0,0,20240902,20260226
247885,1,1,1,1,1,0,0,20240902,20260226
247886,1,1,1,1,1,0,0,20240902,20260226
247892,0,1,0,0,0,0,0,20240902,20260226
247906,1,1,1,1,1,0,0,20240902,20260226
247907,1,1,1,1,1,0,0,20240902,20260226
247908,1,1,1,1,1,0,0,20240902,20260226
247909,1,1,1,1,1,0,0,20240902,20260226
247936,0,0,0,0,0,1,1,20250201,20290630
247937,1,1,1,1,1,0,0,20241021,20260226
247938,1,1,1,1,1,0,0,20241021,20260226
247939,1,1,1,1,1,0,0,20241021,20260226
248010,1,1,1,1,0,0,0,20240902,20260226
248013,0,0,0,0,1,0,0,20240902,20260226
248014,1,0,0,1,0,0,0,20240902,20260226
248017,0,0,0,0,0,0,1,20240902,20260226
248018,0,1,0,0,0,0,0,20240902,20260226
248025,0,1,1,0,1,0,0,20240902,20260226
248032,0,0,1,0,1,1,0,20240902,20260226
248039,0,0,0,0,0,1,0,20240902,20260226
248046,0,0,0,0,0,0,1,20240902,20260226
248053,0,0,0,0,1,0,0,20240902,20260226
248055,0,0,0,0,0,1,0,20240902,20260226
248056,0,0,0,0,0,1,0,20240902,20260226
248057,0,0,0,0,0,0,1,20240902,20260226
248058,0,0,0,0,0,0,1,20240902,20260226
248059,1,1,1,1,1,0,0,20240902,20260226
248063,1,1,1,1,1,0,0,20240902,20260226
248070,1,0,1,1,1,0,0,20240902,20260226
248072,0,1,0,0,0,0,0,20240902,20260226
248079,1,0,0,1,1,0,0,20240902,20260226
248086,0,0,0,1,0,0,0,20240902,20260226
248095,1,1,1,1,1,0,0,20240902,20260226
248096,1,1,1,1,1,0,0,20240902,20260226
248101,0,0,0,0,0,1,1,20240902,20260226
248102,0,0,0,0,0,1,1,20240902,20260226
248132,0,0,0,0,0,1,1,20240902,20260226
248134,1,1,1,1,1,1,1,20240902,20260226
248140,0,0,0,0,1,0,0,20240902,20260226
248141,1,0,0,0,0,0,0,20240902,20260226
248145,1,1,1,1,1,0,0,20240902,20260226
248146,1,1,1,1,1,0,0,20240902,20260226
248147,1,1,1,1,1,0,0,20240902,20260226
248148,1,1,1,1,1,0,0,20240902,20260226
248149,1,1,1,1,1,0,0,20240902,20260226
248168,1,1,1,1,1,0,0,20240812,20280930
248190,1,1,1,1,1,0,0,20250201,20300930
248255,1,1,1,1,1,1,1,20240801,20260226
248319,0,0,0,0,0,0,1,20241001,20250228
248321,1,1,1,1,1,0,0,20241101,20250414
248322,1,1,1,1,1,1,0,20241101,20250414
248323,1,1,1,1,1,1,1,20241101,20250414
248324,0,0,0,0,0,0,1,20241101,20250414
248326,1,1,1,1,1,0,0,20241101,20250414
248327,1,1,1,1,1,0,0,20241101,20250414
248328,1,1,1,1,1,1,0,20241101,20250414
248329,1,1,1,1,1,1,1,20241101,20250414
248413,0,0,0,0,0,1,0,20241021,20260226
248414,0,0,0,0,0,1,0,20241021,20260226
248415,0,0,0,0,0,1,0,20241021,20260226
248416,0,0,0,0,0,1,0,20241021,20260226
248417,0,0,0,0,0,1,0,20241021,20260226
248597,1,1,1,1,1,0,0,20240901,20280930
248609,1,1,1,1,1,0,0,20240902,20270831
248613,1,1,1,1,1,0,0,20240902,20270831
248617,1,1,1,1,1,1,0,20241028,20270831
248675,1,1,1,1,1,0,0,20241016,20260226
248713,1,1,1,1,1,0,0,20240902,20260226
248764,1,1,1,1,1,0,0,20240901,20260226
248765,1,1,1,1,1,0,0,20240901,20260226
248766,1,1,1,1,1,0,0,20240901,20260226
248767,1,1,1,1,1,0,0,20240901,20260226
248768,1,1,1,1,1,0,0,20240901,20260226
248769,1,1,1,1,1,0,0,20240901,20260226
248770,1,1,1,1,1,0,0,20240901,20260226
248771,1,1,1,1,1,0,0,20240901,20260226
248772,1,1,1,1,1,0,0,20240901,20260226
248773,1,1,1,1,1,0,0,20240901,20260226
248774,1,1,1,1,1,0,0,20240901,20260226
248775,1,1,1,1,1,0,0,20240901,20260226
248776,1,1,1,1,1,0,0,20240901,20260226
248777,1,1,1,1,1,0,0,20240901,20260226
248849,1,1,1,1,1,0,0,20240901,20260226
248850,1,1,1,1,1,0,0,20240901,20260226
248851,1,1,1,1,1,0,0,20240901,20260226
248852,1,1,1,1,1,0,0,20240901,20260226
248853,1,1,1,1,1,0,0,20240901,20260226
248854,1,1,1,1,1,0,0,20240901,20260226
248855,0,0,0,0,0,0,1,20240901,20260226
248856,0,0,0,0,0,0,1,20240901,20260226
248857,0,0,0,0,0,0,1,20240901,20260226
248858,0,0,0,0,0,0,1,20240901,20260226
248982,1,1,1,1,1,0,0,20240901,20260226
248983,1,1,1,1,1,0,0,20240901,20260226
248985,1,1,1,1,1,0,0,20240901,20260226
248986,1,1,1,1,1,0,0,20240901,20260226
248987,1,1,1,1,1,0,0,20240901,20260226
248988,1,1,1,1,1,0,0,20240901,20260226
248989,1,1,1,1,1,0,0,20240901,20260226
248990,1,1,1,1,1,0,0,20240901,20260226
248991,1,1,1,1,1,0,0,20240901,20260226
249000,1,1,1,1,1,0,0,20240901,20300630
249029,1,1,1,1,1,0,0,20240901,20300630
249031,1,1,1,1,1,0,0,20240901,20300630
249180,1,1,1,1,1,0,0,20240902,20260226
249181,1,1,1,1,1,0,0,20240902,20260226
249183,1,1,1,1,1,0,0,20250106,20260226
249184,1,1,1,1,1,0,0,20241015,20250414
249305,1,1,1,1,1,0,0,20240901,20260226
249306,1,1,1,1,1,0,0,20240901,20260226
249307,1,1,1,1,1,0,0,20240901,20260226
249308,1,1,1,1,1,0,0,20240901,20260226
249309,1,1,1,1,1,0,0,20240901,20260226
249310,1,1,1,1,1,0,0,20240901,20260226
249311,1,1,1,1,1,0,0,20240901,20260226
249323,1,1,1,1,1,0,0,20240901,20260226
249324,1,1,1,1,1,0,0,20240901,20260226
249325,1,1,1,1,1,1,0,20240901,20260226
249328,1,1,1,1,1,0,0,20240901,20260226
249329,1,1,1,1,1,0,0,20240901,20260226
249330,1,1,1,1,1,0,0,20240901,20260226
249331,1,1,1,1,1,0,0,20240901,20260226
249344,1,1,1,1,1,0,0,20240901,20250609
249350,0,0,0,0,0,0,1,20241015,20250414
249351,1,1,1,1,1,1,0,20241015,20250414
249352,1,1,1,1,1,0,0,20241001,20260226
249353,1,1,1,1,0,0,0,20241001,20260226
249354,1,1,1,1,0,0,0,20241001,20260226
249355,0,0,0,0,1,0,0,20241001,20260226
249356,0,0,0,0,1,0,0,20241001,20260226
249357,0,0,0,0,0,1,0,20241001,20260226
249358,0,0,0,0,0,1,0,20241001,20260226
249359,0,0,0,0,0,0,1,20241001,20260226
249360,0,0,0,0,0,0,1,20241001,20260226
249361,0,0,0,0,0,0,1,20241001,20260226
249364,1,1,1,1,1,0,0,20241001,20260226
249365,1,1,1,1,1,0,0,20241001,20260226
249366,1,1,1,1,1,0,0,20241001,20260226
249367,1,1,1,1,1,0,0,20241001,20260226
249368,1,1,1,1,1,0,0,20241001,20260226
249369,0,0,0,0,0,1,1,20241001,20260226
249370,0,0,0,0,0,1,1,20241001,20260226
249371,1,1,1,1,1,0,0,20241001,20260226
249372,1,1,1,1,1,0,0,20241001,20260226
249373,0,0,0,0,0,1,1,20241001,20260226
249374,0,0,0,0,0,1,1,20241001,20260226
249375,1,1,1,1,1,0,0,20241001,20260226
249376,1,1,1,1,1,0,0,20241001,20260226
249377,0,0,0,0,0,1,1,20241001,20260226
249378,1,1,1,1,1,0,0,20241001,20260226
249379,1,1,1,1,1,0,0,20241001,20260226
249380,0,0,0,0,0,1,1,20241001,20260226
249381,1,1,1,1,1,0,0,20241001,20260226
249382,1,1,1,1,1,0,0,20241001,20260226
249383,1,1,1,1,1,0,0,20241001,20260226
249384,1,1,1,1,1,0,0,20241001,20260226
249385,0,0,0,0,0,1,1,20241001,20260226
249386,0,0,0,0,0,1,1,20241001,20260226
249389,1,1,1,1,1,0,0,20241001,20260226
249390,1,1,1,1,1,0,0,20241001,20260226
249391,0,0,0,0,0,1,1,20241001,20260226
249392,1,1,1,1,1,0,0,20241001,20260226
249393,1,1,1,1,1,0,0,20241001,20260226
249394,1,1,1,1,1,0,0,20241001,20260226
249395,0,0,0,0,0,1,1,20241001,20260226
249396,0,0,0,0,0,1,1,20241001,20260226
249397,1,1,1,1,1,0,0,20241001,20260226
249398,0,0,0,0,0,1,1,20241001,20260226
249399,0,0,0,0,0,1,1,20241001,20260226
249400,1,1,1,1,1,0,0,20241001,20260226
249401,1,1,1,1,1,0,0,20241001,20260226
249402,1,1,1,1,1,0,0,20241001,20260226
249403,0,0,0,0,0,1,1,20241001,20260226
249404,0,0,0,0,0,1,1,20241001,20260226
249405,1,1,1,1,1,0,0,20241001,20260226
249406,1,1,1,1,1,0,0,20241001,20260226
249407,1,1,1,1,1,0,0,20241001,20260226
249408,1,1,1,1,1,0,0,20241001,20260226
249409,1,1,1,1,1,0,0,20241001,20260226
249410,0,0,0,0,0,1,1,20241001,20260226
249411,0,0,0,0,0,1,1,20241001,20260226
249412,1,1,1,1,1,0,0,20241001,20260226
249413,1,1,1,1,1,0,0,20241001,20260226
249414,1,1,1,1,1,0,0,20241001,20260226
249415,1,1,1,1,1,0,0,20241001,20260226
249416,1,1,1,1,1,0,0,20241001,20260226
249417,1,1,1,1,1,0,0,20241001,20260226
249418,1,1,1,1,1,0,0,20241001,20260226
249419,1,1,1,1,1,0,0,20241001,20260226
249420,1,1,1,1,1,0,0,20241001,20260226
249421,1,1,1,1,1,0,0,20241001,20260226
249422,1,1,1,1,1,0,0,20241001,20260226
249426,1,1,1,1,1,0,0,20241015,20250414
249427,0,0,0,0,0,1,1,20241015,20250414
249428,1,1,1,1,1,0,0,20241001,20260226
249429,1,1,1,1,1,0,0,20241001,20260226
249430,1,1,1,1,1,0,0,20241001,20260226
249431,1,1,1,1,1,0,0,20241001,20260226
249432,0,0,0,0,0,1,1,20241001,20260226
249433,0,0,0,0,0,1,1,20241001,20260226
249434,0,0,0,0,0,1,1,20241001,20260226
249435,1,1,1,1,1,0,0,20241001,20260226
249436,1,1,1,1,1,0,0,20241001,20260226
249437,0,0,0,0,0,1,1,20241001,20260226
249438,0,0,0,0,0,1,1,20241001,20260226
249439,1,1,1,1,1,0,0,20241001,20260226
249440,1,1,1,1,1,0,0,20241001,20260226
249481,1,1,1,1,0,0,0,20240901,20250609
249482,0,0,0,0,1,0,0,20240901,20250609
249792,1,1,1,1,1,0,0,20240902,20270831
249793,1,0,1,1,1,0,1,20240901,20260226
249794,1,1,1,1,1,0,1,20240901,20260226
249798,1,1,1,1,1,0,0,20240902,20270831
249802,0,1,0,0,0,1,0,20240901,20260226
249803,0,0,0,0,0,0,1,20240901,20260226
249804,1,0,1,1,1,0,0,20240901,20260226
249825,1,1,1,1,1,1,1,20240901,20260226
249826,1,1,1,1,1,0,0,20240901,20260226
249827,1,1,1,1,1,0,0,20240901,20260226
249828,1,1,1,1,1,0,0,20240901,20260226
249829,1,1,1,1,1,0,0,20240901,20260226
249830,1,1,1,1,1,0,0,20240901,20260226
249831,1,1,1,1,1,0,0,20240901,20260226
249832,1,1,1,1,1,0,0,20240901,20260226
249833,1,1,1,1,1,0,0,20240901,20260226
249834,1,1,1,1,1,0,0,20240901,20260226
249835,1,1,1,1,1,0,0,20240901,20260226
249836,1,1,1,1,1,0,0,20240901,20260226
249837,1,1,1,1,1,0,0,20240901,20260226
249838,1,1,1,1,1,0,0,20240901,20260226
249853,0,1,0,0,0,0,0,20240901,20260226
249871,1,1,1,1,1,1,1,20240901,20260226
249877,0,0,0,0,0,0,1,20240901,20250609
249878,1,1,1,1,1,1,0,20240901,20250609
249883,1,1,1,1,1,1,1,20241001,20280930
249903,1,1,0,1,0,0,0,20240831,20300331
249904,0,0,0,0,0,1,1,20240831,20300331
249905,0,0,1,0,1,0,0,20240831,20300331
249909,1,1,1,1,1,0,0,20240901,20250609
249911,1,1,1,1,1,0,1,20240901,20250609
249917,0,0,0,0,0,1,0,20240901,20250609
249919,1,1,1,1,1,1,1,20240901,20291231
249920,1,1,1,1,1,1,1,20240901,20250609
249924,1,1,1,0,1,1,1,20240901,20250609
249925,0,0,0,1,0,0,0,20240905,20250609
249926,1,1,1,1,1,0,0,20240902,20250609
249927,0,0,0,0,0,1,1,20240901,20250609
249929,1,1,1,1,1,1,1,20240901,20250609
249935,0,0,0,0,1,0,1,20240901,20250609
249940,1,1,1,1,1,1,0,20240902,20250609
249942,1,1,1,1,1,0,0,20240902,20291231
249943,0,1,0,0,0,0,0,20240903,20250609
249965,1,0,1,1,1,1,0,20230902,20250609
249996,1,1,1,1,1,0,0,20240902,20270831
249998,1,1,1,1,1,0,0,20240902,20270831
250002,1,1,1,0,1,1,1,20240902,20270831
250004,1,1,1,1,1,0,0,20240901,20260226
250023,0,0,0,1,0,0,0,20240902,20270831
250037,1,1,1,1,1,0,0,20240901,20260226
250038,1,1,1,1,1,0,0,20240901,20260226
250039,1,1,1,1,1,0,0,20240901,20260226
250040,1,1,1,1,1,0,0,20240901,20260226
250041,1,1,1,1,1,0,0,20240901,20260226
250045,0,0,0,0,0,1,1,20240901,20291231
250085,0,0,0,0,0,1,0,20250201,20260226
250086,0,0,0,0,0,0,1,20250201,20260226
250142,1,1,1,1,1,0,0,20240903,20260226
250143,1,1,1,1,1,0,0,20240903,20260226
250185,0,0,0,0,0,1,0,20241021,20260226
250186,0,0,0,0,0,1,0,20241021,20260226
250190,1,1,1,1,1,0,0,20250201,20300930
250200,0,0,0,0,0,0,1,20241021,20260226
250201,0,0,0,0,0,0,1,20241021,20260226
250202,0,0,0,0,0,0,1,20241021,20260226
250316,1,1,1,1,1,1,1,20241001,20280930
250320,1,1,1,1,1,0,0,20241001,20280930
250321,1,1,1,1,1,0,0,20241001,20280930
250331,1,1,1,1,1,0,0,20240902,20250609
250335,1,1,1,1,1,1,0,20240902,20250609
250338,0,0,0,0,0,1,0,20240902,20250609
250341,1,1,1,1,1,0,0,20240902,20250609
250346,0,0,0,0,0,1,1,20240901,20250609
250347,1,1,1,1,1,0,0,20240902,20250609
250349,1,1,1,1,1,0,0,20240902,20250609
250358,1,1,1,1,1,0,0,20240902,20250609
250396,1,1,1,1,1,0,0,20241001,20280930
250405,0,0,0,0,0,0,1,20241101,20260226
250406,0,0,0,0,0,0,1,20241101,20260226
250407,0,0,0,0,0,0,1,20241101,20260226
250408,0,0,0,0,0,0,1,20241101,20260226
250409,0,0,0,0,0,0,1,20241101,20260226
250410,0,0,0,0,0,0,1,20241101,20260226
250411,0,0,0,0,0,0,1,20241101,20260226
250412,0,0,0,0,0,0,1,20241101,20260226
250413,0,0,0,0,0,0,1,20241101,20260226
250414,0,0,0,0,0,0,1,20241101,20260226
250415,0,0,0,0,0,0,1,20241101,20260226
250421,0,0,0,0,0,0,1,20241101,20260226
250422,0,0,0,0,0,0,1,20241101,20260226
250423,0,0,0,0,0,0,1,20241101,20260226
250424,0,0,0,0,0,0,1,20241101,20260226
250425,0,0,0,0,0,0,1,20241101,20260226
250426,0,0,0,0,0,0,1,20241101,20260226
250477,1,1,1,1,1,0,0,20241101,20260226
250478,1,1,1,1,1,0,0,20241101,20260226
250479,1,1,1,1,1,0,0,20241101,20260226
250480,1,1,1,1,1,0,0,20241101,20260226
250481,1,1,1,1,1,0,0,20241101,20260226
250482,1,1,1,1,1,0,0,20241101,20260226
250483,1,1,1,1,1,0,0,20241101,20260226
250484,1,1,1,1,1,0,0,20241101,20260226
250485,1,1,1,1,1,0,0,20241101,20260226
250486,1,1,1,1,1,0,0,20241101,20260226
250487,1,1,1,1,1,0,0,20241101,20260226
250488,1,1,1,1,1,0,0,20241101,20260226
250489,1,1,1,1,1,0,0,20241101,20260226
250560,1,1,1,1,1,1,1,20240901,20250531
250566,1,1,1,1,1,1,1,20240903,20291231
250582,1,1,1,1,1,0,0,20240902,20250609
250583,1,1,1,1,1,0,0,20240902,20250609
250584,1,1,1,1,1,0,0,20240902,20250609
250596,1,1,1,1,1,0,0,20241001,20260226
250597,1,1,1,1,1,0,0,20241001,20260226
250598,1,1,1,1,1,0,0,20241001,20260226
250599,1,1,1,1,1,0,0,20241001,20260226
250600,1,1,1,1,1,0,0,20241001,20260226
250633,1,1,1,1,1,0,0,20240903,20250316
250634,1,1,1,1,1,0,0,20240903,20250316
250635,0,0,0,0,0,1,1,20240903,20250316
250636,0,0,0,0,0,1,1,20240903,20250316
250642,1,1,1,1,1,0,0,20241014,20260226
250643,0,0,0,0,1,0,0,20241001,20280930
250644,1,1,1,1,0,0,0,20241001,20280930
250648,1,1,1,1,1,0,0,20241001,20280930
250655,1,1,1,1,1,0,0,20240902,20260226
250694,1,1,1,1,1,0,0,20241015,20250414
250695,1,1,1,1,1,0,0,20241015,20250414
250696,1,1,1,1,1,1,1,20241116,20251231
250698,0,0,0,0,1,1,1,20241116,20250531
250700,1,1,1,1,1,1,1,20241116,20280909
250701,1,1,1,1,1,0,0,20241116,20280909
250702,0,0,0,0,0,1,1,20241116,20280909
250723,1,1,1,1,1,1,1,20241116,20251122
250738,1,1,1,1,1,1,1,20241116,20251122
250739,1,1,1,1,1,1,1,20241116,20251122
250740,1,1,1,1,1,1,1,20241116,20280531
250756,1,1,1,1,1,0,0,20240912,20290930
250757,1,1,1,1,1,0,0,20240912,20290930
250758,1,1,1,1,1,1,1,20241116,20271006
250764,1,1,1,1,1,0,0,20241001,20280930
250789,1,1,1,1,1,0,0,20241021,20260226
250790,1,1,1,1,1,0,0,20241021,20260226
250791,1,1,1,1,1,0,0,20241021,20260226
250792,1,1,1,1,1,0,0,20241021,20260226
250793,1,1,1,1,1,0,0,20241021,20260226
250794,1,1,1,1,1,0,0,20241021,20260226
250795,1,1,1,1,1,0,0,20241021,20260226
250796,1,1,1,1,1,0,0,20241021,20260226
250797,1,1,1,1,1,0,0,20241021,20260226
250798,1,1,1,1,1,0,0,20241021,20260226
250799,1,1,1,1,1,0,0,20241021,20260226
250800,1,1,1,1,1,0,0,20241021,20260226
250801,1,1,1,1,1,0,0,20241021,20260226
250802,1,1,1,1,1,0,0,20241021,20260226
250803,1,1,1,1,1,0,0,20241021,20260226
250804,1,1,1,1,1,0,0,20241021,20260226
250805,1,1,1,1,1,0,0,20241021,20260226
250806,1,1,1,1,1,0,0,20241021,20260226
250807,1,1,1,1,1,0,0,20241021,20260226
250808,1,1,1,1,1,0,0,20241021,20260226
250819,1,1,1,1,1,0,0,20241015,20250414
250820,1,1,1,1,1,1,0,20240916,20270831
250822,0,0,0,0,0,1,1,20241015,20250414
250823,1,1,1,1,1,0,0,20241015,20250414
250824,0,0,0,0,0,1,1,20241015,20250414
250825,1,1,1,1,1,0,0,20241015,20250414
250827,0,0,0,0,0,1,1,20241015,20250414
250828,1,1,1,1,1,0,0,20241001,20280930
250829,1,1,1,1,1,0,0,20241015,20250414
250830,1,1,1,1,1,0,0,20241015,20250414
250834,0,0,0,0,0,1,1,20241015,20250414
250864,1,1,1,1,1,0,0,20241015,20250414
250869,0,0,0,0,0,1,1,20241015,20250414
250870,0,0,0,0,0,1,1,20241015,20250414
250871,1,1,1,1,1,0,0,20241015,20250414
250872,1,1,1,1,1,0,0,20241015,20250414
250873,1,1,1,1,1,0,0,20241015,20250414
250887,1,1,1,1,1,0,0,20241001,20260226
250889,0,0,0,0,0,1,1,20241001,20260226
250944,0,0,0,0,0,0,1,20240902,20250609
250948,1,1,1,1,1,0,0,20240902,20250609
250952,0,0,0,0,0,1,0,20240902,20250609
250971,1,1,1,1,1,0,0,20241015,20250414
250990,1,1,1,1,1,0,0,20240916,20260226
250991,0,0,0,0,0,1,1,20240916,20260226
250995,1,1,1,1,1,1,1,20240916,20260226
250996,1,1,1,1,1,0,0,20241015,20250609
250997,1,1,1,1,1,0,0,20241015,20250609
250999,0,0,0,0,0,1,1,20241015,20250414
251035,1,1,1,1,1,0,0,20241015,20250414
251047,1,1,1,1,1,0,0,20240916,20260226
251048,1,1,1,1,1,0,0,20240916,20260226
251058,0,0,0,0,0,1,1,20241015,20250414
251060,1,1,1,1,1,0,0,20241015,20250414
251061,1,1,1,1,1,0,0,20241015,20250414
251062,1,1,1,1,1,0,0,20241015,20250414
251063,1,1,1,1,1,0,0,20241015,20250414
251064,0,0,0,0,0,1,0,20241021,20260226
251066,0,0,0,0,0,1,0,20241021,20260226
251067,0,0,0,0,0,1,0,20241021,20260226
251068,0,0,0,0,0,1,0,20241021,20260226
251069,0,0,0,0,0,1,0,20241021,20260226
251070,1,1,1,1,1,0,0,20250201,20290630
251077,1,1,1,1,1,0,0,20250201,20300930
251117,0,0,0,0,0,0,1,20241021,20260226
251118,0,0,0,0,0,0,1,20241021,20260226
251119,0,0,0,0,0,0,1,20241021,20260226
251120,0,0,0,0,0,0,1,20241021,20260226
251121,0,0,0,0,0,0,1,20241021,20260226
251192,1,1,1,1,1,0,0,20241021,20260226
251193,1,1,1,1,1,0,0,20241021,20260226
251194,1,1,1,1,1,0,0,20241021,20260226
251195,1,1,1,1,1,0,0,20241021,20260226
251209,1,1,1,1,0,0,0,20240916,20260226
251210,0,0,0,0,1,0,0,20240916,20260226
251220,1,1,1,1,1,0,0,20241021,20260226
251221,1,1,1,1,1,0,0,20241021,20260226
251222,1,1,1,1,1,0,0,20241021,20260226
251223,1,1,1,1,1,0,0,20241021,20260226
251224,1,1,1,1,1,0,0,20241021,20260226
251225,1,1,1,1,1,0,0,20240916,20250609
251229,0,0,0,0,0,1,0,20241021,20260226
251230,0,0,0,0,0,1,0,20241021,20260226
251231,0,0,0,0,0,1,0,20241021,20260226
251232,0,0,0,0,0,1,0,20241021,20260226
251233,0,0,0,0,0,1,0,20241021,20260226
251243,0,0,0,0,0,0,1,20241021,20260226
251244,0,0,0,0,0,0,1,20241021,20260226
251245,0,0,0,0,0,0,1,20241021,20260226
251246,0,0,0,0,0,0,1,20241021,20260226
251247,0,0,0,0,0,0,1,20241021,20260226
251259,0,0,0,0,0,1,0,20241021,20260226
251260,0,0,0,0,0,1,0,20241021,20260226
251261,0,0,0,0,0,1,0,20241021,20260226
251262,0,0,0,0,0,1,0,20241021,20260226
251263,1,1,1,1,1,0,0,20241101,20300731
251282,1,1,1,1,1,0,0,20250201,20300930
251288,0,0,0,1,0,0,0,20240916,20250609
251289,1,1,1,1,1,0,0,20240916,20250609
251290,1,1,1,1,1,0,0,20240916,20250609
251320,1,1,1,1,1,0,0,20241015,20250414
251321,1,1,1,1,1,0,0,20241015,20250414
251322,1,1,1,1,1,0,0,20241015,20250414
251323,1,1,1,1,1,0,0,20241015,20250414
251324,1,1,1,1,1,0,0,20240916,20260226
251325,1,1,1,1,1,0,0,20241001,20280930
251326,1,1,1,1,1,1,1,20240923,20270831
251330,0,0,0,0,0,1,0,20241021,20260226
251331,0,0,0,0,0,1,0,20241021,20260226
251332,0,0,0,0,0,1,0,20241021,20260226
251333,0,0,0,0,0,1,0,20241021,20260226
251334,0,0,0,0,0,1,0,20241021,20260226
251335,0,0,0,0,0,1,0,20241021,20260226
251336,0,0,0,0,0,1,0,20241021,20260226
251337,0,0,0,0,0,1,0,20241021,20260226
251338,0,0,0,0,0,1,0,20241021,20260226
251385,1,1,1,1,1,0,0,20241021,20260226
251386,1,1,1,1,1,0,0,20241021,20260226
251387,1,1,1,1,1,0,0,20241021,20260226
251388,1,1,1,1,1,0,0,20241021,20260226
251389,1,1,1,1,1,0,0,20241021,20260226
251390,1,1,1,1,1,0,0,20241021,20260226
251399,0,0,0,0,0,0,1,20241021,20260226
251400,0,0,0,0,0,0,1,20241021,20260226
251401,0,0,0,0,0,0,1,20241021,20260226
251404,1,1,1,1,1,0,0,20241021,20260226
251405,1,1,1,1,1,0,0,20241021,20260226
251406,1,1,1,1,1,0,0,20241021,20260226
251407,1,1,1,1,1,0,0,20241021,20260226
251408,1,1,1,1,1,0,0,20241021,20260226
251409,0,0,0,0,0,0,1,20241021,20260226
251410,0,0,0,0,0,0,1,20241021,20260226
251411,0,0,0,0,0,0,1,20241021,20260226
251412,0,0,0,0,0,0,1,20241021,20260226
251413,0,0,0,0,0,0,1,20241021,20260226
251425,1,1,1,1,1,0,0,20241021,20260226
251426,1,1,1,1,1,0,0,20241021,20260226
251435,0,0,0,0,0,1,0,20241021,20260226
251443,0,1,1,0,0,0,0,20250201,20290630
251444,0,0,0,0,0,0,1,20241021,20260226
251446,1,1,1,1,1,0,0,20240916,20260226
251449,1,1,1,1,1,0,0,20241001,20250609
251451,1,1,1,1,1,0,0,20241001,20250609
251452,1,1,1,1,1,0,0,20241001,20250609
251453,1,1,1,1,1,0,0,20241001,20250609
251454,1,1,1,1,1,0,0,20241001,20250609
251455,1,1,1,1,1,0,0,20241001,20250609
251456,1,1,1,1,1,0,0,20241001,20250609
251457,1,1,1,1,1,0,0,20241001,20250609
251458,1,1,1,1,1,0,0,20241001,20250609
251459,1,1,1,1,1,0,0,20241001,20250609
251460,1,1,1,1,1,0,0,20241001,20250609
251461,1,1,1,1,1,0,0,20241001,20250609
251462,1,1,1,1,1,0,0,20241001,20250609
251586,1,1,1,1,1,1,1,20240918,20250228
251587,0,0,0,0,0,1,1,20240918,20250228
251588,1,1,1,1,1,1,1,20240918,20250228
251589,1,1,1,1,1,1,1,20240918,20250228
251590,1,1,1,1,1,1,1,20240918,20250228
251591,1,1,1,1,1,0,0,20240918,20250228
251592,1,1,1,1,1,1,1,20240918,20250228
251593,1,1,1,1,1,1,1,20240918,20250228
251594,1,1,1,1,1,1,0,20240918,20250228
251595,1,1,1,1,1,1,1,20240918,20250228
251596,1,1,1,1,1,1,1,20240918,20250228
251597,0,0,0,0,0,1,1,20240918,20250228
251598,1,1,1,1,1,1,1,20240918,20300630
251599,1,1,1,1,1,0,0,20240918,20250228
251600,1,1,1,1,1,1,1,20240918,20250228
251601,1,1,1,1,1,1,1,20240918,20250228
251602,0,0,0,0,0,1,1,20240918,20250228
251603,1,1,1,1,1,1,1,20240918,20250228
251605,1,1,1,1,1,0,0,20240918,20250228
251661,1,1,1,1,1,0,0,20240930,20260226
251662,0,0,0,0,0,1,0,20240930,20260226
251676,0,0,0,0,0,0,1,20240930,20260226
251678,0,0,0,0,0,1,1,20240930,20260226
251679,0,0,0,0,0,1,1,20240930,20260226
251681,0,0,0,0,0,1,1,20240930,20260226
251682,1,1,1,1,1,0,0,20240930,20260226
251683,0,0,0,0,0,0,1,20240930,20260226
251696,1,1,1,1,1,0,0,20241014,20260226
251697,1,1,1,1,1,0,0,20241014,20260226
251698,1,1,1,1,1,0,0,20241014,20260226
251699,1,1,1,1,1,0,0,20241014,20260226
251700,1,1,1,1,1,0,0,20241014,20260226
251701,1,1,1,1,1,0,0,20241014,20260226
251702,0,0,0,0,0,1,1,20241014,20260226
251703,1,1,1,1,1,0,0,20241014,20260226
251704,1,1,1,1,1,0,0,20241014,20260226
251705,1,1,1,1,1,0,0,20241014,20260226
251706,1,1,1,1,1,0,0,20241014,20260226
251707,1,1,1,1,1,0,0,20241014,20260226
251708,1,1,1,1,1,0,0,20241014,20260226
251709,0,0,0,0,0,1,1,20241014,20260226
251717,1,1,1,1,1,0,0,20240930,20260226
251720,1,1,1,1,1,0,0,20240930,20260226
251721,0,0,0,0,0,1,0,20240930,20260226
251723,1,1,1,1,1,0,0,20241101,20260226
251724,1,1,1,1,1,0,0,20241101,20260226
251725,1,1,1,1,1,0,0,20241015,20250414
251727,1,1,1,1,1,0,0,20241101,20260226
251729,1,1,1,1,1,0,0,20241015,20250414
251730,1,1,1,1,1,0,0,20241015,20250414
251731,1,1,1,1,1,0,0,20241015,20250414
251732,1,1,1,1,1,1,0,20240930,20260226
251733,0,0,0,0,0,1,0,20240930,20260226
251734,1,1,1,1,1,0,0,20240930,20260226
251735,0,0,0,0,0,1,1,20241015,20250414
251736,1,1,1,1,1,0,0,20240930,20260226
251737,1,1,1,1,1,0,0,20240930,20260226
251750,0,0,0,0,0,1,1,20241101,20260226
251751,0,0,0,0,0,1,1,20241101,20260226
251754,0,0,0,0,0,1,1,20241101,20260226
251755,1,1,1,1,1,0,0,20240930,20260226
251756,1,1,1,1,1,1,1,20240930,20260226
251766,1,1,1,1,1,0,0,20240930,20260226
251767,1,1,1,1,1,0,0,20240930,20260226
251769,1,1,1,1,1,0,0,20240930,20260226
251770,1,1,1,1,1,1,1,20240930,20260226
251771,0,0,0,0,0,1,1,20240930,20260226
251772,1,1,1,0,1,1,0,20240930,20260226
251773,0,0,0,0,0,0,1,20240930,20260226
251797,1,1,1,1,1,0,0,20241101,20260226
251798,1,1,1,1,1,0,0,20241101,20260226
251811,1,1,1,1,1,0,0,20240930,20260226
251814,1,1,1,1,1,0,0,20240930,20260226
251816,1,1,1,1,1,0,0,20240930,20260226
251818,0,0,0,1,0,0,0,20240930,20260226
251821,1,1,1,1,1,1,1,20240930,20260226
251822,1,1,1,1,1,0,0,20240930,20260226
251825,1,1,1,1,1,0,0,20241001,20280930
251826,1,1,1,1,1,0,0,20240930,20260226
251827,1,1,1,1,1,0,0,20240930,20260226
251828,1,1,1,1,1,0,0,20240930,20260226
251829,1,1,1,1,1,1,1,20240930,20260226
251830,0,0,0,0,0,1,1,20240930,20260226
251831,1,1,1,1,1,0,0,20240930,20260226
251833,1,1,1,1,1,1,0,20240930,20260226
251835,1,1,1,1,1,1,1,20240930,20260226
251836,0,0,0,1,0,0,0,20240930,20260226
251837,1,1,1,1,1,0,0,20240930,20260226
251838,1,1,1,0,1,0,0,20240930,20260226
251867,1,1,1,1,1,0,0,20241001,20250609
251868,1,1,1,1,1,0,0,20241001,20250609
251888,1,1,1,1,1,0,0,20241101,20260226
251911,1,1,1,1,1,0,0,20241001,20260226
251912,1,1,1,1,1,0,0,20241001,20260226
251913,1,1,1,1,1,0,0,20241001,20260226
251914,1,1,1,1,1,0,0,20241001,20260226
251915,1,1,1,1,1,0,0,20241001,20260226
251916,0,0,0,0,0,1,1,20241001,20260226
251917,0,0,0,0,0,1,1,20241001,20260226
251918,0,0,0,0,0,1,1,20241001,20260226
251919,0,0,0,0,0,1,1,20241001,20260226
251920,1,1,1,1,1,0,0,20241001,20260226
251921,0,0,0,0,0,1,1,20241001,20260226
251922,1,1,1,1,1,0,0,20241001,20260226
251923,1,1,1,1,1,0,0,20241001,20260226
251924,0,0,0,0,0,1,1,20241001,20260226
251925,0,0,0,0,0,1,1,20241001,20260226
251926,1,1,1,1,1,0,0,20241001,20260226
251927,1,1,1,1,1,0,0,20241001,20260226
251928,1,1,1,1,1,0,0,20241001,20260226
251929,1,1,1,1,1,0,0,20241001,20260226
251930,0,0,0,0,0,1,1,20241001,20260226
251931,1,1,1,1,1,0,0,20241001,20260226
251932,1,1,1,1,1,0,0,20241001,20260226
251933,0,0,0,0,0,1,1,20241001,20260226
251951,1,1,1,1,1,1,1,20241001,20270831
251960,1,1,1,1,1,0,0,20240923,20270831
251973,1,1,1,1,1,0,0,20241001,20270831
251982,1,1,1,1,1,0,0,20241001,20250331
252018,1,1,1,1,1,0,0,20241001,20280930
252021,1,1,1,1,1,0,0,20241021,20260226
252022,1,1,1,1,1,0,0,20241021,20260226
252023,1,1,1,1,1,0,0,20241021,20260226
252024,1,1,1,1,1,0,0,20241021,20260226
252025,1,1,1,1,1,0,0,20241021,20260226
252026,1,1,1,1,1,0,0,20241021,20260226
252027,1,1,1,1,1,0,0,20241021,20260226
252039,0,0,0,0,1,0,1,20241001,20270519
252040,0,0,0,0,1,0,0,20241001,20270519
252041,1,1,1,1,0,1,1,20241001,20270519
252042,1,1,1,1,1,1,1,20241001,20260630
252043,1,1,1,1,1,1,1,20241001,20260630
252059,1,1,1,1,1,0,0,20250106,20260226
252060,1,1,1,1,1,0,0,20250106,20260226
252081,1,1,1,1,1,0,0,20240930,20260226
252083,1,1,1,1,1,0,0,20240930,20260226
252104,1,1,1,1,1,0,0,20241021,20260226
252105,1,1,1,1,1,0,0,20241021,20260226
252106,1,1,1,1,1,0,0,20241021,20260226
252107,1,1,1,1,1,0,0,20241021,20260226
252108,1,1,1,1,1,0,0,20241021,20260226
252109,1,1,1,1,1,0,0,20241021,20260226
252110,1,1,1,1,1,0,0,20241021,20260226
252111,1,1,1,1,1,0,0,20241021,20260226
252112,1,1,1,1,1,0,0,20241021,20260226
252113,1,1,1,1,1,0,0,20241021,20260226
252114,1,1,1,1,1,0,0,20241021,20260226
252115,1,1,1,1,1,0,0,20241021,20260226
252130,1,1,1,1,1,1,0,20240923,20270831
252142,1,1,1,1,1,0,0,20241001,20280930
252152,1,1,1,1,1,0,0,20241021,20260226
252153,1,1,1,1,1,0,0,20241021,20260226
252154,1,1,1,1,1,0,0,20241021,20260226
252155,1,1,1,1,1,0,0,20241021,20260226
252156,1,1,1,1,1,0,0,20241021,20260226
252157,1,1,1,1,1,0,0,20241021,20260226
252158,1,1,1,1,1,0,0,20241021,20260226
252159,1,1,1,1,1,0,0,20241021,20260226
252160,1,1,1,1,1,0,0,20241021,20260226
252162,1,1,1,1,1,0,0,20241021,20260226
252163,1,1,1,1,1,0,0,20241021,20260226
252164,1,1,1,1,1,0,0,20241021,20260226
252165,1,1,1,1,1,0,0,20241021,20260226
252230,1,1,1,1,1,0,0,20241021,20260226
252231,1,1,1,1,1,0,0,20241021,20260226
252232,1,1,1,1,1,0,0,20241021,20260226
252233,1,1,1,1,1,0,0,20241021,20260226
252234,1,1,1,1,1,0,0,20241021,20260226
252235,1,1,1,1,1,0,0,20241021,20260226
252240,0,0,0,0,0,1,0,20241021,20260226
252241,0,0,0,0,0,1,0,20241021,20260226
252254,0,0,0,0,0,0,1,20241021,20260226
252255,0,0,0,0,0,0,1,20241021,20260226
252267,1,1,1,1,1,0,0,20241021,20260226
252268,1,1,1,1,1,0,0,20241021,20260226
252269,1,1,1,1,1,0,0,20241021,20260226
252270,1,1,1,1,1,0,0,20241021,20260226
252271,1,1,1,1,1,0,0,20241021,20260226
252272,1,1,1,1,1,0,0,20241021,20260226
252301,0,0,0,0,0,1,0,20241021,20260226
252302,0,0,0,0,0,1,0,20241021,20260226
252303,0,0,0,0,0,1,0,20241021,20260226
252304,0,0,0,0,0,1,0,20241021,20260226
252305,0,0,0,0,0,1,0,20241021,20260226
252306,0,0,0,0,0,1,0,20241021,20260226
252307,0,0,0,0,0,1,0,20241021,20260226
252308,0,0,0,0,0,1,0,20241021,20260226
252309,0,0,0,0,0,1,0,20241021,20260226
252310,0,0,0,0,0,0,1,20241021,20260226
252311,0,0,0,0,0,0,1,20241021,20260226
252312,0,0,0,0,0,0,1,20241021,20260226
252313,0,0,0,0,0,0,1,20241021,20260226
252314,0,0,0,0,0,0,1,20241021,20260226
252315,0,0,0,0,0,0,1,20241021,20260226
252316,0,0,0,0,0,0,1,20241021,20260226
252317,0,0,0,0,0,0,1,20241021,20260226
252318,0,0,0,0,0,0,1,20241021,20260226
252335,0,0,0,0,0,1,0,20241021,20260226
252336,0,0,0,0,0,1,0,20241021,20260226
252337,0,0,0,0,0,1,0,20241021,20260226
252338,0,0,0,0,0,0,1,20241021,20260226
252339,0,0,0,0,0,0,1,20241021,20260226
252340,0,0,0,0,0,0,1,20241021,20260226
252341,0,0,0,0,0,0,1,20241021,20260226
252342,0,0,0,0,0,0,1,20241021,20260226
252344,0,0,0,0,0,0,1,20241021,20260226
252345,0,0,0,0,0,0,1,20241021,20260226
252357,0,0,0,0,0,0,1,20241021,20260226
252358,0,0,0,0,0,0,1,20241021,20260226
252359,0,0,0,0,0,0,1,20241021,20260226
252468,0,0,0,0,0,0,1,20241021,20260226
252469,0,0,0,0,0,0,1,20241021,20260226
252470,0,0,0,0,0,0,1,20241021,20260226
252471,0,0,0,0,0,0,1,20241021,20260226
252472,0,0,0,0,0,0,1,20241021,20260226
252473,0,0,0,0,0,0,1,20241021,20260226
252474,0,0,0,0,0,0,1,20241021,20260226
252475,0,0,0,0,0,0,1,20241021,20260226
252476,0,0,0,0,0,0,1,20241021,20260226
252551,1,0,0,1,1,1,1,20250201,20300930
252557,0,1,0,1,0,0,0,20250201,20300930
252559,1,1,1,1,1,1,0,20250201,20300930
252577,1,1,1,1,1,1,0,20250201,20300930
252581,0,1,0,1,0,0,0,20250201,20300930
252583,1,1,1,1,1,1,1,20250201,20300930
252585,1,1,1,1,1,1,0,20250201,20300930
252598,0,1,0,1,0,0,0,20250201,20290630
252619,0,1,0,1,0,1,1,20250201,20250228
252621,1,0,1,0,1,0,0,20250201,20250228
252623,1,1,1,1,1,0,0,20250201,20290630
252627,1,1,1,1,1,0,0,20250201,20290630
252632,1,0,0,1,0,0,0,20250201,20290630
252634,0,1,1,0,1,0,0,20250201,20290630
252642,1,1,1,1,1,1,0,20250201,20290630
252644,0,1,0,1,0,1,1,20250201,20250228
252646,1,0,1,0,1,0,0,20250201,20250228
252650,1,1,1,1,1,0,0,20250201,20290630
252656,1,1,1,1,1,1,1,20250201,20290630
252658,1,1,1,1,1,0,0,20250201,20290630
252667,1,1,1,1,1,0,0,20250106,20260226
252668,1,1,1,1,1,0,0,20250106,20260226
252669,1,1,1,1,1,0,0,20250106,20260226
252670,1,1,1,1,1,0,0,20250106,20260226
252671,1,1,1,1,1,0,0,20250106,20260226
252672,1,1,1,1,1,0,0,20250106,20260226
252673,1,1,1,1,1,0,0,20250106,20260226
252674,1,1,1,1,1,0,0,20250106,20260226
252675,1,1,1,1,1,0,0,20250106,20260226
252676,1,1,1,1,1,0,0,20250106,20260226
252677,1,1,1,1,1,0,0,20250106,20260226
252919,0,0,0,0,0,1,0,20241101,20280930
252921,0,0,0,0,0,0,1,20241101,20280930
252922,1,1,1,1,1,1,1,20241101,20280930
252924,1,1,1,1,1,1,1,20241101,20280930
252925,1,1,1,1,1,0,0,20241101,20280930
252926,1,1,1,1,1,0,0,20241101,20280930
252932,1,1,1,1,1,0,0,20241101,20280930
252933,1,1,1,1,1,0,0,20241101,20280930
252934,0,0,0,0,0,1,0,20241101,20280930
252936,1,1,1,1,1,1,1,20241101,20280930
252947,0,0,0,0,0,1,0,20241021,20260226
252948,0,0,0,0,0,1,0,20241021,20260226
252963,0,0,0,0,0,1,1,20241101,20280930
252972,1,1,1,1,1,1,1,20241101,20280930
252973,1,1,1,1,1,1,1,20241101,20280930
252974,1,1,1,1,1,1,1,20241101,20280930
253038,1,1,1,1,1,1,0,20241101,20280930
253039,1,1,1,1,1,0,0,20241101,20280930
253040,0,0,0,0,0,1,0,20241101,20280930
253041,0,0,0,0,0,1,0,20241101,20280930
253042,0,0,1,0,0,0,0,20241101,20280930
253043,0,0,0,0,0,1,0,20241101,20280930
253044,1,1,1,1,1,0,0,20241101,20280930
253045,1,1,1,1,1,1,1,20241028,20260226
253046,1,1,1,1,1,0,0,20241101,20280930
253047,1,1,1,1,1,1,1,20241101,20280930
253048,1,1,1,1,1,0,0,20241101,20280930
253073,1,1,1,1,1,0,0,20241001,20260226
253074,1,1,1,1,1,0,0,20241001,20260226
253075,1,1,1,1,1,0,0,20241001,20260226
253076,1,1,1,1,1,0,0,20241001,20260226
253077,1,1,1,1,1,0,0,20241001,20260226
253078,1,1,1,1,1,0,0,20241001,20260226
253079,1,1,1,1,1,0,0,20241001,20260226
253080,1,1,1,1,1,0,0,20241001,20260226
253081,1,1,1,1,1,0,0,20241001,20260226
253082,1,1,1,1,1,0,0,20241001,20260226
253083,1,1,1,1,1,0,0,20241001,20260226
253084,0,0,0,0,0,1,1,20241001,20260226
253085,0,0,0,0,0,1,1,20241001,20260226
253086,0,0,0,0,0,1,1,20241001,20260226
253087,0,0,0,0,0,1,1,20241001,20260226
253088,1,0,0,0,0,0,0,20241101,20280930
253090,1,1,1,1,1,1,1,20241101,20280930
253116,0,0,0,0,1,0,0,20241101,20280930
253117,1,1,1,1,1,1,1,20241101,20280930
253119,0,0,0,0,0,0,1,20241021,20260226
253120,0,0,0,0,0,0,1,20241021,20260226
253126,0,0,0,0,0,0,1,20241101,20280930
253127,1,1,1,1,1,0,0,20241101,20280930
253128,1,1,1,1,1,1,1,20241101,20280930
253176,0,0,0,0,0,1,1,20241101,20260226
253177,0,0,0,0,0,1,1,20241101,20260226
253178,0,0,0,0,0,1,1,20241101,20260226
253179,0,0,0,0,0,1,1,20241101,20260226
253180,0,0,0,0,0,1,1,20241101,20260226
253181,0,0,0,0,0,1,1,20241101,20260226
253182,0,0,0,0,0,1,1,20241101,20260226
253184,0,0,0,0,0,1,1,20241101,20260226
253224,0,0,0,0,0,1,0,20241101,20260226
253225,0,0,0,0,0,1,0,20241101,20260226
253226,0,0,0,0,0,1,0,20241101,20260226
253227,0,0,0,0,0,1,0,20241101,20260226
253228,0,0,0,0,0,1,0,20241101,20260226
253295,1,1,1,1,1,1,1,20241014,20250302
253296,1,1,1,1,1,0,0,20241014,20250302
253297,1,1,1,1,1,1,1,20241014,20250302
253298,1,1,1,1,1,1,1,20241014,20250302
253299,1,1,1,1,1,1,1,20241014,20250302
253300,1,1,1,1,1,1,1,20241014,20250302
253301,1,1,1,1,1,1,1,20241014,20250302
253302,1,1,1,1,1,1,1,20241014,20250302
253303,1,1,1,1,1,1,1,20241014,20250302
253304,1,1,1,1,1,1,1,20241014,20250302
253305,1,1,1,1,1,1,1,20241014,20250302
253306,1,1,1,1,1,1,1,20241014,20250302
253307,1,1,1,1,1,0,0,20241014,20250302
253308,1,1,1,1,1,1,1,20241014,20250302
253309,1,1,1,1,1,1,1,20241014,20250302
253310,1,1,1,1,1,1,1,20241014,20250302
253311,1,1,1,1,1,1,1,20241014,20250302
253312,1,1,1,1,1,1,1,20241014,20250302
253313,1,1,1,1,1,1,1,20241014,20250302
253314,0,0,0,0,0,1,1,20241014,20250302
253315,1,1,1,1,1,1,1,20241014,20250302
253316,1,1,1,1,1,1,1,20241014,20250302
253317,1,1,1,1,1,1,1,20241014,20250302
253318,1,1,1,1,1,1,1,20241014,20250302
253353,1,1,1,1,1,0,0,20241014,20250331
253354,1,1,1,1,1,1,1,20241014,20250302
253355,1,1,1,1,1,1,1,20241014,20250302
253356,1,1,1,1,1,1,1,20241014,20250302
253357,1,1,1,1,1,1,1,20241014,20250302
253358,1,1,1,1,1,1,1,20241014,20250302
253359,1,1,1,1,1,1,1,20241014,20250302
253360,1,1,1,1,1,1,1,20241014,20250302
253361,1,1,1,1,1,1,1,20241014,20250302
253391,1,1,1,1,1,1,0,20241114,20250430
253413,1,1,1,1,1,1,1,20241114,20250430
253422,0,1,0,0,1,0,0,20241114,20250430
253445,1,1,1,1,1,0,0,20241201,20280930
253446,0,0,0,0,0,1,1,20241201,20280930
253447,1,1,1,1,1,0,0,20241201,20280930
253448,1,1,1,1,1,0,0,20241201,20280930
253449,1,1,1,1,1,1,1,20241201,20280930
253462,1,1,1,1,1,0,0,20241014,20270831
253471,1,1,1,1,1,0,0,20241007,20261231
253472,1,1,1,1,1,0,0,20241007,20261231
253498,0,0,0,1,0,0,0,20241101,20280930
253578,0,0,0,0,0,1,1,20241014,20260226
253579,1,1,1,1,1,1,1,20241101,20280930
253580,1,1,1,1,1,0,0,20241101,20280930
253582,1,1,1,1,1,0,0,20241101,20280930
253583,1,1,1,1,1,0,0,20241101,20300630
253611,0,0,0,0,0,1,1,20241003,20260226
253612,0,0,0,0,0,1,1,20241003,20260226
253613,0,0,0,0,0,1,1,20241003,20260226
253686,0,0,0,0,0,1,0,20241028,20260226
253687,0,0,0,0,0,1,0,20241028,20260226
253688,0,0,0,0,0,1,0,20241028,20260226
253718,0,0,0,0,1,0,0,20241028,20260226
253719,0,0,0,0,1,0,0,20241028,20260226
253786,1,1,1,1,1,1,1,20241101,20280930
253796,1,1,1,1,1,0,0,20241014,20270831
253828,1,1,1,1,1,0,0,20241101,20260226
253834,0,0,0,0,0,0,1,20241101,20280930
253835,1,1,1,1,1,0,0,20241101,20280930
253839,1,1,1,1,1,0,0,20241028,20260226
253840,1,1,1,1,1,0,0,20241028,20260226
253902,0,0,0,0,0,0,1,20241021,20260226
253903,0,0,0,0,0,0,1,20241021,20260226
253904,0,0,0,0,0,0,1,20241021,20260226
253905,0,0,0,0,0,0,1,20241021,20260226
253906,0,0,0,0,0,0,1,20241021,20260226
253907,0,0,0,0,0,0,1,20241021,20260226
253908,0,0,0,0,0,0,1,20241021,20260226
253909,0,0,0,0,0,0,1,20241021,20260226
253910,0,0,0,0,0,0,1,20241021,20260226
253911,0,0,0,0,0,0,1,20241021,20260226
253912,0,0,0,0,0,0,1,20241021,20260226
253913,0,0,0,0,0,0,1,20241021,20260226
253914,0,0,0,0,0,1,0,20241021,20260226
253915,0,0,0,0,0,1,0,20241021,20260226
253916,0,0,0,0,0,1,0,20241021,20260226
253917,0,0,0,0,0,1,0,20241021,20260226
253918,0,0,0,0,0,1,0,20241021,20260226
253919,0,0,0,0,0,1,0,20241021,20260226
253920,0,0,0,0,0,1,0,20241021,20260226
253921,0,0,0,0,0,1,0,20241021,20260226
253922,0,0,0,0,0,1,0,20241021,20260226
253923,0,0,0,0,0,1,0,20241021,20260226
253924,0,0,0,0,0,1,0,20241021,20260226
253925,0,0,0,0,0,1,0,20241021,20260226
253941,1,1,1,1,0,0,0,20241028,20260226
253942,1,1,1,1,1,1,0,20250201,20300930
253943,1,1,1,1,1,0,0,20250201,20300930
253944,1,1,1,1,1,0,0,20250201,20300930
253945,1,1,1,1,1,0,0,20250201,20300930
253946,1,1,1,1,1,0,0,20250201,20300930
253948,1,1,1,1,1,0,0,20241101,20280930
253953,1,1,1,1,1,1,1,20241101,20280930
253954,1,1,1,1,1,1,1,20241101,20280930
253955,1,1,1,1,1,1,1,20241101,20280930
253966,0,0,0,0,0,0,1,20241101,20270831
253967,1,1,1,1,1,1,0,20241101,20270831
253970,1,1,1,1,1,1,1,20241018,20260226
253971,0,0,0,0,0,1,0,20241018,20260226
253972,1,1,1,1,1,0,0,20241018,20260226
253975,1,1,0,1,1,0,0,20241018,20260226
253977,1,1,0,1,1,0,0,20241018,20260226
253980,0,0,0,0,0,1,0,20241101,20270831
253981,0,0,0,0,0,1,0,20241101,20270831
253982,1,1,1,1,1,0,0,20241018,20260226
253984,1,1,0,1,1,0,0,20241018,20260226
253985,0,0,1,0,0,0,0,20241018,20260226
253986,1,1,1,1,1,0,0,20241018,20260226
253987,1,1,0,1,1,1,1,20241018,20260226
253990,0,0,1,0,0,0,0,20241018,20260226
253991,1,1,1,1,1,0,0,20241101,20300731
253992,0,0,1,0,0,0,0,20241018,20260226
253993,0,0,0,0,0,0,1,20241101,20270831
254000,1,1,1,1,1,0,0,20241021,20290930
254014,1,1,1,1,1,0,0,20241101,20280930
254015,1,1,1,1,1,0,0,20241101,20280930
254016,0,0,0,0,0,1,0,20241101,20260226
254017,0,0,0,0,0,1,0,20241101,20260226
254018,0,0,0,0,0,1,0,20241101,20260226
254019,0,0,0,0,0,1,0,20241101,20260226
254020,0,0,0,0,0,1,0,20241101,20260226
254021,0,0,0,0,0,1,0,20241101,20260226
254030,1,1,1,1,1,0,0,20241101,20250609
254081,1,1,1,1,1,0,0,20241028,20260226
254082,1,1,1,1,1,0,0,20241028,20260226
254083,1,1,1,1,1,0,0,20241028,20260226
254084,1,1,1,1,1,0,0,20241028,20260226
254085,1,1,1,1,1,0,0,20241028,20260226
254086,1,1,1,1,1,0,0,20241028,20260226
254087,1,1,1,1,1,0,0,20241028,20260226
254088,1,1,1,1,1,0,0,20241028,20260226
254089,1,1,1,1,1,0,0,20241028,20260226
254090,1,1,1,1,1,0,0,20241028,20260226
254091,1,1,1,1,1,0,0,20241028,20260226
254092,1,1,1,1,1,0,0,20241028,20260226
254093,1,1,1,1,1,0,0,20241028,20260226
254094,1,1,1,1,1,0,0,20241028,20260226
254095,1,1,1,1,1,0,0,20241028,20260226
254096,1,1,1,1,1,0,0,20241028,20260226
254097,1,1,1,1,1,0,0,20241028,20260226
254098,1,1,1,1,1,0,0,20241028,20260226
254099,1,1,1,1,1,0,0,20241028,20260226
254100,1,1,1,1,1,0,0,20241028,20260226
254101,1,1,1,1,1,0,0,20241028,20260226
254102,1,1,1,1,1,0,0,20241028,20260226
254103,1,1,1,1,1,0,0,20241028,20260226
254104,1,1,1,1,1,0,0,20241028,20260226
254105,1,1,1,1,1,0,0,20241028,20260226
254106,1,1,1,1,1,0,0,20241028,20260226
254107,1,1,1,1,1,0,0,20241028,20260226
254108,1,1,1,1,1,0,0,20241028,20260226
254109,1,1,1,1,1,0,0,20241028,20260226
254112,1,1,1,1,1,0,0,20241028,20260226
254113,1,1,1,1,1,0,0,20241028,20260226
254114,1,1,1,1,1,0,0,20241028,20260226
254115,1,1,1,1,1,0,0,20241028,20260226
254116,1,1,1,1,1,0,0,20241028,20260226
254117,1,1,1,1,1,0,0,20241028,20260226
254118,1,1,1,1,1,0,0,20241028,20260226
254119,1,1,1,1,1,0,0,20241028,20260226
254120,1,1,1,1,1,0,0,20241028,20260226
254121,1,1,1,1,1,0,0,20241028,20260226
254139,0,0,0,0,0,1,0,20241028,20260226
254140,0,0,0,0,0,1,0,20241028,20260226
254141,0,0,0,0,0,1,0,20241028,20260226
254142,0,0,0,0,0,1,0,20241028,20260226
254143,0,0,0,0,0,1,0,20241028,20260226
254144,0,0,0,0,0,1,0,20241028,20260226
254145,0,0,0,0,0,1,0,20241028,20260226
254154,0,0,0,0,0,0,1,20241101,20260226
254155,0,0,0,0,0,0,1,20241101,20260226
254156,0,0,0,0,0,0,1,20241101,20260226
254157,0,0,0,0,0,0,1,20241101,20260226
254158,0,0,0,0,0,0,1,20241101,20260226
254170,1,1,1,1,1,1,1,20250225,20250228
254174,1,1,1,1,1,0,0,20250414,20250417
254175,1,1,1,1,1,1,1,20241014,20250302
254176,1,1,1,1,1,1,1,20241014,20250302
254212,1,1,1,1,1,0,0,20241021,20250609
254220,1,1,1,1,1,1,1,20241028,20300331
254222,1,1,1,1,1,0,0,20241028,20300331
254228,1,1,1,1,1,0,0,20241021,20250609
254229,1,1,1,1,1,1,1,20241028,20300331
254233,1,1,1,1,1,0,0,20241021,20250609
254234,1,1,1,1,1,0,0,20241021,20250609
254235,1,1,1,1,1,0,0,20241028,20260226
254237,1,1,1,1,1,0,0,20241021,20250609
254239,0,0,0,0,0,1,1,20241101,20280930
254245,1,1,1,1,1,0,0,20241028,20260226
254246,1,1,1,1,1,0,0,20241028,20260226
254247,1,1,1,1,1,0,0,20241028,20260226
254248,1,1,1,1,1,0,0,20241028,20260226
254249,1,1,1,1,1,0,0,20241028,20260226
254250,1,1,1,1,1,0,0,20241028,20260226
254251,1,1,1,1,1,1,0,20241028,20290930
254252,1,1,1,1,1,1,0,20241028,20290930
254253,1,1,1,1,1,1,0,20241028,20290930
254254,1,1,1,1,1,1,0,20241028,20290930
254255,1,1,1,1,1,0,0,20241028,20260226
254256,1,1,1,1,1,0,0,20241028,20260226
254257,0,0,0,0,0,1,1,20241028,20260226
254258,1,1,1,1,1,0,0,20241028,20260226
254259,1,1,1,1,1,0,0,20241028,20260226
254260,1,1,1,1,1,0,0,20241028,20260226
254261,1,1,1,1,1,0,0,20241028,20260226
254262,1,1,1,1,1,0,0,20241028,20260226
254263,1,1,1,1,1,0,0,20241028,20260226
254264,1,1,1,1,1,0,0,20241028,20260226
254265,0,0,0,0,0,1,1,20241028,20260226
254266,0,0,0,0,0,1,1,20241028,20260226
254267,1,1,1,1,1,0,0,20241028,20260226
254268,1,1,1,1,1,0,0,20241028,20260226
254269,0,0,0,0,0,1,1,20241028,20260226
254270,1,1,1,1,1,0,0,20241028,20260226
254271,1,1,1,1,1,0,0,20241028,20260226
254272,1,1,1,1,1,0,0,20241028,20260226
254273,0,0,0,0,0,1,1,20241028,20260226
254274,1,1,1,1,1,0,0,20241028,20260226
254275,1,1,1,1,1,0,0,20241028,20260226
254276,0,0,0,0,0,1,1,20241028,20260226
254277,0,0,0,0,0,1,1,20241028,20260226
254278,0,0,0,0,0,1,1,20241028,20260226
254279,0,0,0,0,0,1,1,20241028,20260226
254280,0,1,0,0,0,0,0,20250201,20300930
254281,0,0,0,0,0,1,0,20241101,20260226
254282,0,0,0,0,0,1,0,20241101,20260226
254283,0,0,0,0,0,1,0,20241101,20260226
254284,0,0,0,0,0,1,0,20241101,20260226
254285,0,0,0,0,0,1,0,20241101,20260226
254286,0,0,0,0,0,1,0,20241101,20260226
254287,0,0,0,0,0,1,0,20241101,20260226
254288,0,0,0,0,0,1,0,20241101,20260226
254289,0,0,0,0,0,1,0,20241101,20260226
254290,0,0,0,0,0,1,0,20241101,20260226
254291,0,0,0,0,0,1,0,20241101,20260226
254292,1,1,1,1,1,0,0,20241101,20260226
254293,1,1,1,1,1,0,0,20241101,20260226
254294,1,1,1,1,1,0,0,20241101,20260226
254295,1,1,1,1,1,0,0,20241101,20260226
254296,1,1,1,1,1,0,0,20241101,20260226
254297,1,1,1,1,1,0,0,20241101,20260226
254303,1,1,1,1,1,0,0,20241101,20260226
254304,1,1,1,1,1,0,0,20241101,20260226
254307,0,0,0,0,0,0,1,20241028,20260226
254308,0,1,0,0,0,0,0,20250201,20300930
254309,1,1,1,1,1,0,0,20250201,20300930
254310,1,1,1,1,1,0,0,20250201,20250228
254311,1,1,1,1,1,1,0,20250201,20250228
254312,1,1,1,1,1,0,0,20241101,20280930
254313,1,1,1,1,1,0,0,20250201,20300930
254314,1,1,1,1,1,1,1,20250201,20300930
254315,1,1,1,1,1,1,1,20250201,20300930
254316,1,1,1,1,1,1,1,20250201,20300930
254317,1,1,1,1,1,1,1,20250201,20300930
254320,1,1,1,1,1,0,0,20241101,20250930
254321,0,0,0,0,0,1,0,20241101,20250531
254324,1,1,1,1,1,1,1,20250201,20290630
254325,1,1,1,1,1,1,1,20250201,20290630
254326,1,1,1,1,1,0,1,20250201,20290630
254327,1,1,1,1,1,1,0,20250201,20290630
254329,1,1,1,1,1,0,0,20250201,20300930
254333,0,0,0,0,0,1,1,20250201,20300930
254341,0,0,0,0,0,1,1,20250201,20300930
254353,1,1,1,1,1,0,0,20241101,20260226
254354,1,1,1,1,1,0,0,20241101,20260226
254355,1,1,1,1,1,0,0,20241101,20260226
254356,1,1,1,1,1,0,0,20241101,20260226
254357,1,1,1,1,1,0,0,20241101,20260226
254358,1,1,1,1,1,0,0,20241101,20260226
254359,1,1,1,1,1,0,0,20241101,20260226
254361,0,0,0,0,0,1,0,20250201,20300930
254362,1,1,1,1,1,0,0,20250201,20300930
254373,1,1,1,1,1,0,0,20241028,20260226
254374,1,1,1,1,1,0,0,20241028,20260226
254375,1,1,1,1,1,0,0,20250101,20321231
254379,1,1,1,1,1,0,0,20241101,20260226
254380,1,1,1,1,1,0,0,20241101,20260226
254381,1,1,1,1,1,0,0,20241101,20260226
254382,1,1,1,1,1,0,0,20241101,20260226
254383,0,0,0,0,0,1,1,20241101,20260226
254384,0,0,0,0,0,1,1,20241101,20260226
254385,0,0,0,0,0,1,1,20241101,20260226
254386,1,1,1,1,1,0,0,20241101,20260226
254391,1,1,1,1,1,0,0,20241101,20260226
254392,1,1,1,1,1,0,0,20241101,20260226
254393,1,1,1,1,1,0,0,20241101,20260226
254394,1,1,1,1,1,0,0,20241101,20260226
254395,1,1,1,1,1,0,0,20241101,20260226
254396,1,1,1,1,1,0,0,20241101,20260226
254397,0,0,0,0,0,1,0,20241101,20260226
254398,0,0,0,0,0,1,0,20241101,20260226
254399,0,0,0,0,0,1,0,20241101,20260226
254400,0,0,0,0,0,1,0,20241101,20260226
254401,1,1,1,1,1,0,0,20241028,20250302
254404,1,1,1,1,1,1,1,20241028,20250302
254405,1,1,1,1,1,0,0,20241028,20260226
254409,1,1,1,1,1,1,0,20241028,20260226
254413,1,1,1,1,1,1,1,20241028,20260226
254414,1,1,1,1,1,0,0,20241028,20260226
254415,1,1,1,1,1,0,0,20241028,20260226
254416,1,1,1,1,1,0,0,20241028,20260226
254423,0,0,0,0,0,1,1,20241028,20260226
254424,0,0,0,0,0,1,1,20241028,20260226
254425,0,0,0,0,0,1,1,20241028,20260226
254428,1,1,1,1,1,1,1,20241028,20260226
254432,1,1,1,1,1,0,0,20241028,20260226
254436,0,0,0,0,0,1,1,20241028,20260226
254439,1,1,1,1,1,0,0,20241028,20260226
254440,1,1,1,1,1,0,0,20241028,20260226
254458,1,1,1,1,1,0,0,20241101,20300331
254459,1,1,1,1,1,0,0,20241101,20300331
254475,1,1,0,1,0,0,0,20241101,20300331
254476,0,0,1,0,1,0,0,20241101,20300331
254477,1,1,1,1,1,1,0,20241101,20300331
254478,1,1,1,1,1,0,0,20241101,20300331
254479,1,1,1,1,1,1,1,20241101,20250609
254480,1,1,1,1,1,1,1,20241101,20300331
254481,1,1,1,1,1,1,1,20241101,20300331
254491,1,1,1,1,1,0,0,20250301,20250316
254492,0,0,0,0,0,1,1,20250301,20250316
254493,1,1,1,1,1,0,0,20250301,20250316
254494,1,1,1,1,1,0,0,20241101,20250609
254495,0,0,1,0,1,0,0,20241101,20300331
254497,1,0,0,1,0,0,0,20241101,20250609
254504,1,1,1,1,1,0,0,20241101,20250609
254532,0,0,0,0,0,1,1,20250225,20250228
254533,1,1,1,1,1,0,0,20250225,20250228
254534,1,1,1,1,1,0,0,20241104,20260226
254535,1,1,1,1,1,0,0,20241104,20260226
254536,1,1,1,1,1,0,0,20241104,20260226
254537,1,1,1,1,1,0,0,20241104,20260226
254542,1,1,1,1,1,0,0,20241101,20260226
254543,1,1,1,1,1,0,0,20241101,20260226
254544,1,1,1,1,1,0,0,20241101,20260226
254545,1,1,1,1,1,0,0,20241101,20260226
254546,1,1,1,1,1,0,0,20241101,20260226
254547,1,1,1,1,1,1,1,20241101,20260226
254548,1,1,1,1,1,0,0,20241101,20260226
254556,1,1,1,1,0,0,0,20241101,20300331
254557,0,0,0,0,1,0,0,20241101,20300331
254559,0,0,0,0,1,0,1,20241101,20250331
254560,1,1,1,1,1,1,1,20241201,20280930
254561,1,1,1,1,1,0,0,20241201,20280930
254562,1,1,1,1,1,0,0,20241201,20280930
254563,0,0,0,0,0,1,1,20241201,20280930
254564,0,0,0,0,0,1,1,20241201,20280930
254567,1,1,1,1,1,0,0,20241201,20280930
254568,1,1,1,1,1,1,1,20250401,20250531
254581,0,0,0,0,0,0,1,20241101,20260226
254582,0,0,0,0,0,0,1,20241101,20260226
254583,0,0,0,0,0,0,1,20241101,20260226
254584,0,0,0,0,0,0,1,20241101,20260226
254585,1,1,1,1,1,0,0,20250201,20300930
254604,1,1,1,1,1,0,0,20241101,20300630
254605,1,1,1,1,1,0,0,20241101,20300630
254606,1,1,1,1,1,0,0,20241101,20300630
254607,1,1,1,1,1,0,0,20241101,20300630
254611,1,1,1,1,0,0,0,20241101,20260226
254612,1,1,1,1,0,0,0,20241101,20260226
254613,0,0,0,0,1,0,0,20250106,20260226
254614,1,1,1,1,1,0,0,20241101,20260226
254615,1,1,1,1,1,0,0,20250225,20260226
254616,1,1,1,1,1,0,0,20250225,20260226
254617,1,1,1,1,1,0,0,20250225,20260226
254618,1,1,1,1,1,0,0,20250225,20260226
254619,1,1,1,1,1,0,0,20250225,20260226
254620,1,1,1,1,1,0,0,20250225,20260226
254621,1,1,1,1,1,0,0,20250225,20260226
254622,1,1,1,1,1,0,0,20250225,20260226
254632,1,1,1,1,1,0,0,20241101,20260226
254635,0,0,0,0,0,1,1,20241101,20260226
254636,1,1,1,1,1,0,0,20241101,20300331
254637,1,1,1,1,1,0,0,20241101,20300331
254638,1,1,1,1,1,0,0,20241101,20300331
254639,1,1,1,1,1,0,0,20241101,20300331
254640,1,1,1,1,1,0,0,20241101,20300331
254641,1,1,1,1,1,0,0,20241101,20300331
254642,0,0,0,0,0,1,1,20241101,20300331
254643,0,0,0,0,0,1,1,20241101,20300331
254644,0,0,0,0,0,1,1,20241101,20300331
254645,0,0,0,0,0,1,1,20241101,20300331
254646,0,0,0,0,0,1,1,20241101,20300331
254647,0,0,0,0,0,1,1,20241101,20300331
254648,0,0,0,0,0,1,1,20241101,20300331
254649,0,0,0,0,0,1,1,20241101,20300331
254650,0,0,0,0,0,1,1,20241101,20300331
254774,1,1,1,1,1,1,1,20241101,20300630
254778,1,1,1,1,1,0,0,20241101,20300630
254779,1,1,1,1,1,0,0,20241101,20300630
254846,1,1,1,1,1,0,0,20241104,20250331
254847,1,1,1,1,1,0,0,20241104,20250331
254848,1,1,1,1,1,0,0,20241104,20250331
254849,1,1,1,1,1,0,0,20241104,20250331
254850,1,1,1,1,1,0,0,20241104,20250331
254851,0,0,0,0,0,1,1,20241104,20250331
254852,1,1,1,1,1,0,0,20241104,20250331
254853,1,1,1,1,1,0,0,20241104,20250331
254854,0,0,0,0,0,1,1,20241104,20250331
254855,0,0,0,0,0,1,1,20241104,20250331
254856,1,1,1,1,1,0,0,20241104,20250331
254857,1,1,1,1,1,0,0,20241104,20250331
254858,1,1,1,1,1,0,0,20241104,20250331
254859,1,1,1,1,1,0,0,20241104,20250331
254860,0,0,0,0,0,1,1,20241104,20250331
254861,0,0,0,0,0,1,1,20241104,20250331
254862,1,1,1,1,1,0,0,20241104,20250331
254863,1,1,1,1,1,0,0,20241104,20250331
254864,1,1,1,1,1,0,0,20241104,20250331
254865,1,1,1,1,1,0,0,20241104,20250331
254866,1,1,1,1,1,1,1,20241104,20250331
254867,1,1,1,1,1,0,0,20241104,20250331
254868,1,1,1,1,1,0,0,20241104,20250331
254869,1,1,1,1,1,0,0,20241104,20250331
254870,1,1,1,1,1,1,1,20241104,20250331
254871,1,1,1,1,1,0,0,20241104,20250331
254872,1,1,1,1,1,0,0,20241104,20250331
254873,1,1,1,1,1,0,0,20241104,20250331
254947,1,1,1,1,1,0,0,20241101,20300331
254950,1,1,1,1,1,0,0,20250303,20260226
254963,1,1,1,1,1,0,0,20250303,20260226
254964,0,0,0,0,0,1,0,20250303,20260226
254965,0,0,0,0,0,1,0,20250303,20260226
254966,0,0,0,0,0,0,1,20250303,20260226
254967,1,1,1,1,1,0,0,20250101,20280930
254971,1,1,1,1,1,1,1,20250101,20280930
254972,1,1,1,1,1,1,1,20250101,20280930
254973,1,1,1,1,1,1,1,20250101,20280930
254977,1,1,1,1,1,1,1,20241101,20300731
254978,1,1,1,1,1,1,1,20241101,20300630
254979,1,1,1,1,1,0,0,20241101,20300630
254980,0,0,0,0,0,1,1,20241101,20300630
254981,1,1,1,1,1,1,1,20241101,20300630
254982,1,1,1,1,1,0,0,20241101,20300630
254984,1,1,1,1,1,1,1,20241101,20300630
254985,0,0,0,0,0,1,1,20241101,20300630
254986,0,0,0,0,0,1,1,20241101,20300630
254987,1,1,1,1,1,1,1,20241101,20300630
255026,1,1,1,1,1,0,0,20241202,20260226
255027,1,1,1,1,1,0,0,20241202,20260226
255028,1,1,1,1,1,0,0,20241202,20260226
255031,0,1,1,1,0,0,0,20250101,20280930
255046,1,1,1,1,1,0,1,20250101,20280930
255082,0,0,0,0,1,1,1,20250101,20280930
255083,0,0,0,0,1,1,0,20250101,20280930
255089,1,1,1,1,1,0,0,20250106,20260226
255090,1,1,1,1,1,0,0,20250106,20260226
255091,1,1,1,1,1,0,0,20250106,20260226
255092,1,1,1,1,1,0,0,20250106,20260226
255093,1,1,1,1,1,0,0,20250106,20260226
255096,1,1,1,1,1,0,0,20250106,20260226
255097,1,1,1,1,1,0,0,20241104,20260226
255111,1,1,0,1,1,0,0,20250101,20280930
255112,0,0,0,0,0,0,1,20250101,20280930
255129,1,1,1,1,1,1,0,20250201,20300930
255130,1,1,1,1,1,0,0,20241104,20260226
255131,1,1,1,1,1,0,0,20241104,20260226
255132,0,0,0,0,0,1,1,20241104,20260226
255144,1,1,1,1,1,0,0,20241201,20260226
255145,1,1,1,1,1,0,0,20241201,20260226
255146,1,1,1,1,1,0,0,20241201,20260226
255147,1,1,1,1,1,0,0,20241201,20260226
255148,1,1,1,1,1,0,0,20241201,20260226
255149,1,1,1,1,1,0,0,20241201,20260226
255150,1,1,1,1,1,0,0,20241201,20260226
255151,1,1,1,1,1,0,0,20241201,20260226
255152,1,1,1,1,1,0,0,20241201,20260226
255153,1,1,1,1,1,0,0,20241201,20260226
255154,1,1,1,1,1,0,0,20241201,20260226
255155,1,1,1,1,1,0,0,20241201,20260226
255175,1,1,1,1,1,0,0,20250101,20280930
255176,1,1,1,1,1,0,0,20250101,20280930
255177,0,0,0,0,0,1,1,20250101,20280930
255178,1,1,1,1,1,0,0,20250101,20280930
255181,1,1,1,1,1,0,0,20250101,20280930
255218,0,0,0,0,1,1,1,20250101,20280930
255219,1,1,1,1,0,0,0,20250101,20280930
255220,1,1,1,1,1,1,0,20250101,20280930
255221,0,0,0,0,0,1,1,20250101,20280930
255225,1,1,1,1,1,0,0,20250101,20280930
255227,1,1,1,1,1,1,1,20250101,20280930
255228,1,1,1,1,1,1,1,20250101,20280930
255229,1,1,1,1,1,1,1,20250101,20280930
255232,1,1,1,1,1,1,1,20241010,20290916
255238,1,1,1,1,1,0,0,20250101,20280930
255239,0,0,0,0,0,0,1,20250101,20280930
255240,1,1,1,1,1,1,0,20250101,20280930
255241,1,1,1,1,1,1,1,20241201,20291201
255242,1,1,1,1,1,1,1,20241201,20291201
255243,1,1,1,1,1,1,1,20241201,20291201
255244,1,1,1,1,1,1,1,20241201,20291201
255245,1,1,1,1,1,0,0,20250101,20280930
255246,1,1,1,1,1,1,1,20250101,20280930
255247,1,1,1,1,1,1,0,20250101,20280930
255248,0,0,0,0,0,1,1,20250101,20280930
255249,0,1,0,0,0,1,0,20250101,20280930
255250,1,0,1,1,1,0,1,20250101,20280930
255251,1,1,1,1,1,0,0,20250101,20280930
255252,1,1,1,1,1,0,0,20250101,20280930
255256,1,1,1,1,1,1,1,20250101,20280930
255257,1,1,1,1,1,1,1,20250101,20280930
255262,1,1,1,1,1,1,1,20250101,20280930
255266,1,1,1,1,1,0,0,20241101,20300731
255286,1,1,1,1,1,1,0,20241201,20280930
255287,1,1,1,1,1,1,1,20241201,20280930
255290,1,1,1,1,1,1,1,20241201,20280930
255293,1,1,1,1,1,1,1,20241201,20280930
255294,1,1,1,1,1,1,1,20241201,20280930
255296,1,1,1,1,1,1,1,20241201,20280930
255299,1,1,1,1,1,1,1,20241201,20251214
255307,1,1,1,1,1,0,0,20250106,20260226
255308,1,1,1,1,1,0,0,20250106,20260226
255309,1,1,1,1,1,0,0,20250106,20260226
255310,1,1,1,1,1,0,0,20250106,20260226
255330,0,0,1,0,1,0,0,20241118,20300630
255331,0,0,0,0,0,0,1,20241118,20300630
255332,0,0,0,0,0,1,0,20241118,20300630
255333,0,0,0,0,1,0,0,20241118,20300630
255335,0,0,0,0,0,1,1,20241118,20300630
255336,0,0,1,0,0,0,0,20241118,20300630
255344,0,0,0,0,0,1,0,20250101,20280930
255345,0,0,0,0,0,0,1,20250101,20280930
255356,1,1,1,1,1,0,0,20241101,20300731
255375,1,1,1,1,1,1,1,20250414,20290413
255376,1,1,1,1,1,1,1,20250201,20300930
255377,0,0,0,0,0,1,0,20241116,20260226
255378,0,0,0,0,0,1,0,20241116,20260226
255379,0,0,0,0,0,1,0,20241116,20260226
255380,0,0,0,0,0,1,0,20241116,20260226
255381,0,0,0,0,0,1,0,20241116,20260226
255395,1,1,1,1,1,1,1,20241201,20280930
255400,1,1,1,1,1,1,1,20241111,20260226
255401,1,1,1,1,1,1,1,20241111,20260226
255411,0,0,0,0,0,1,1,20250101,20280930
255418,1,1,1,1,1,0,0,20241201,20260226
255419,1,1,1,1,1,0,0,20241201,20260226
255420,1,1,1,1,1,0,0,20241201,20260226
255421,1,1,1,1,1,0,0,20241201,20260226
255422,1,1,1,1,1,0,0,20241201,20260226
255423,1,1,1,1,1,0,0,20241201,20260226
255424,1,1,1,1,1,0,0,20241201,20260226
255425,1,1,1,1,1,0,0,20241201,20260226
255426,1,1,1,1,1,1,0,20250201,20290630
255427,1,1,1,1,1,1,0,20250201,20300930
255428,1,1,1,1,1,0,0,20250201,20290630
255442,1,1,1,1,1,1,1,20250201,20300930
255443,1,1,1,1,1,1,1,20250201,20300930
255444,1,1,1,1,1,1,1,20250201,20300930
255445,1,1,1,1,1,0,0,20241201,20280930
255446,1,1,1,1,1,0,0,20250201,20300930
255447,1,1,1,1,1,0,0,20241201,20280930
255448,1,1,1,1,1,1,0,20241201,20280930
255449,0,0,0,0,0,0,1,20241201,20280930
255450,1,1,1,1,1,1,1,20250201,20300930
255451,1,1,1,1,1,1,1,20241201,20280930
255452,1,1,1,1,1,0,0,20250201,20300930
255453,1,1,1,1,1,1,1,20241201,20280930
255460,1,1,1,1,1,1,0,20241201,20280930
255461,1,1,1,1,1,0,0,20250201,20300930
255462,1,1,1,1,1,0,0,20241201,20250228
255463,1,1,1,1,1,0,0,20250201,20300930
255464,1,1,1,1,1,1,0,20241201,20280930
255480,1,1,1,1,1,0,0,20241201,20280930
255488,1,1,1,1,1,0,0,20250201,20300930
255489,1,1,1,1,1,1,1,20241201,20280930
255492,1,1,1,1,1,1,1,20241201,20280930
255493,1,1,1,1,1,1,1,20241201,20280930
255494,0,0,0,0,0,1,1,20241201,20280930
255495,1,1,1,1,1,0,0,20241116,20260226
255496,1,1,1,1,1,0,0,20241116,20260226
255497,1,1,1,1,1,0,0,20241116,20260226
255498,1,1,1,1,1,0,0,20241116,20260226
255499,1,1,1,1,1,0,0,20241116,20260226
255500,1,1,1,1,1,0,0,20241116,20260226
255501,1,1,1,1,1,0,0,20241116,20260226
255502,1,1,1,1,1,0,0,20241201,20280930
255503,1,1,1,1,1,1,1,20241201,20250531
255505,1,1,1,1,1,1,0,20250201,20250228
255511,1,1,1,1,1,0,0,20241223,20260226
255512,1,1,1,1,1,0,0,20241223,20260226
255513,1,1,1,1,1,0,0,20241223,20260226
255514,1,1,1,1,1,0,0,20241223,20260226
255515,1,1,1,1,1,0,0,20241223,20260226
255516,1,1,1,1,1,0,0,20241223,20260226
255517,1,1,1,1,1,1,0,20250201,20300930
255518,1,1,1,1,1,0,0,20250201,20300930
255519,1,1,1,1,1,1,0,20250201,20300930
255520,1,1,1,1,1,1,1,20250201,20300930
255529,0,0,0,0,0,1,0,20250201,20300930
255531,1,1,1,1,1,0,0,20250201,20300930
255532,1,1,1,1,1,1,1,20250201,20300930
255533,1,1,1,1,1,1,1,20250201,20300930
255534,1,1,1,1,1,1,1,20250201,20300930
255535,1,1,1,1,1,1,1,20250201,20300930
255536,1,1,1,1,1,1,1,20250201,20300930
255537,1,1,1,1,1,0,0,20250201,20300930
255538,1,1,1,1,1,1,1,20250201,20300930
255539,1,1,1,1,1,1,1,20250201,20300930
255540,1,1,1,1,1,0,1,20250201,20300930
255541,1,1,1,1,1,0,1,20250201,20300930
255542,1,1,1,1,1,0,1,20250201,20300930
255543,1,1,1,1,1,0,1,20250201,20300930
255544,1,1,1,1,1,0,0,20250201,20300930
255545,1,1,1,1,1,1,1,20250201,20300930
255546,1,1,1,1,1,1,1,20250201,20300930
255547,1,1,1,1,1,0,0,20250201,20250228
255548,1,1,1,1,1,0,0,20250201,20300930
255549,1,1,1,1,1,1,0,20250201,20300930
255550,1,1,1,1,1,0,0,20250201,20300930
255551,1,1,1,1,1,0,0,20250201,20300930
255552,0,0,0,0,1,0,1,20250201,20300930
255553,0,0,0,0,1,0,1,20250201,20300930
255554,1,1,1,1,1,1,1,20250201,20300930
255555,1,1,1,1,1,1,1,20250201,20300930
255556,1,1,1,1,1,1,1,20250201,20250228
255557,1,1,1,1,1,1,1,20250201,20300930
255558,0,0,0,0,0,1,1,20250201,20300930
255560,1,1,1,1,1,1,1,20250201,20300930
255561,1,1,1,1,1,1,1,20250201,20300930
255562,1,1,1,1,1,0,0,20250201,20300930
255563,1,1,1,1,1,0,0,20250201,20300930
255564,1,1,1,1,1,1,0,20250201,20300930
255566,0,0,0,0,0,0,1,20241116,20260226
255567,0,0,0,0,0,0,1,20241116,20260226
255568,0,0,0,0,0,0,1,20241116,20260226
255569,0,0,0,0,0,0,1,20241116,20260226
255570,0,0,0,0,0,0,1,20241116,20260226
255589,1,1,1,1,1,1,1,20241201,20280930
255607,1,1,1,1,1,0,0,20250201,20300930
255608,1,1,1,1,1,0,0,20250201,20290630
255609,1,1,1,1,1,0,0,20250201,20290630
255629,1,1,1,1,1,0,0,20250101,20260226
255636,1,1,1,1,1,0,0,20241013,20250317
255637,0,0,0,0,0,1,1,20241013,20250317
255638,0,0,0,0,0,1,1,20241013,20250317
255639,1,1,1,1,1,0,0,20241013,20250317
255640,0,0,0,0,0,1,1,20241013,20250317
255641,1,1,1,1,1,0,0,20241013,20250317
255642,1,1,1,1,1,0,0,20241013,20250317
255643,1,1,1,1,1,0,0,20241013,20250317
255644,1,1,1,1,1,0,0,20241013,20250317
255645,0,0,0,0,0,1,1,20241013,20250317
255648,1,1,1,1,1,0,0,20241114,20260226
255650,1,1,1,1,1,0,0,20241114,20250612
255651,1,1,1,1,1,1,1,20241114,20260226
255655,1,1,1,1,1,0,0,20241114,20260226
255671,0,0,0,0,0,1,1,20241101,20250609
255674,1,1,1,1,1,0,1,20250201,20300930
255675,0,0,0,0,0,1,1,20241201,20300331
255677,1,1,1,1,1,1,1,20241201,20300331
255678,1,1,1,1,1,0,0,20241201,20300331
255692,0,0,0,0,0,0,1,20241206,20291205
255693,0,0,0,0,1,0,1,20241206,20291205
255755,1,1,1,1,1,0,0,20241201,20260226
255756,1,1,1,1,1,0,0,20241201,20260226
255757,1,1,1,1,1,0,0,20241201,20260226
255758,1,1,1,1,1,0,0,20241201,20260226
255759,1,1,1,1,1,0,0,20241201,20260226
255760,1,1,1,1,1,0,0,20241201,20260226
255768,0,0,0,0,0,1,0,20241201,20260226
255769,0,0,0,0,0,1,0,20241201,20260226
255770,0,0,0,0,0,1,0,20241201,20260226
255771,0,0,0,0,0,1,0,20241201,20260226
255772,0,0,0,0,0,1,0,20241201,20260226
255776,1,1,1,1,1,0,0,20241201,20260226
255777,1,1,1,1,1,0,0,20241201,20260226
255778,1,1,1,1,1,0,0,20241201,20260226
255779,1,1,1,1,1,0,0,20241201,20260226
255780,1,1,1,1,1,0,0,20241201,20260226
255781,1,1,1,1,1,0,0,20241201,20260226
255782,1,1,1,1,1,0,0,20241201,20260226
255783,1,1,1,1,1,0,0,20241201,20260226
255785,0,0,0,0,0,1,0,20241201,20260226
255786,0,0,0,0,0,1,0,20241201,20260226
255787,0,0,0,0,0,1,0,20241201,20260226
255788,0,0,0,0,0,1,0,20241201,20260226
255789,1,1,1,1,1,0,0,20241201,20300331
255790,1,1,1,1,1,1,1,20241201,20300331
255791,1,1,1,1,1,0,0,20241201,20300331
255793,1,1,1,1,1,1,1,20241201,20300331
255794,1,1,1,1,1,1,1,20241201,20300331
255795,1,1,1,1,1,0,0,20241201,20300331
255796,0,0,0,0,0,0,1,20241201,20260226
255797,0,0,0,0,0,0,1,20241201,20260226
255798,0,0,0,0,0,0,1,20241201,20260226
255799,0,0,0,0,0,0,1,20241201,20260226
255800,0,0,0,0,0,0,1,20241201,20260226
255801,0,0,0,0,0,0,1,20241201,20260226
255802,0,0,0,0,0,0,1,20241201,20260226
255803,0,0,0,0,0,0,1,20241201,20260226
255804,0,0,0,0,0,0,1,20241201,20260226
255805,0,0,0,0,0,1,0,20241201,20260226
255806,0,0,0,0,0,1,0,20241201,20260226
255807,0,0,0,0,0,1,0,20241201,20260226
255808,0,0,0,0,0,1,0,20241201,20260226
255809,0,0,0,0,0,1,0,20241201,20260226
255810,0,0,0,0,0,1,0,20241201,20260226
255811,0,0,0,0,0,1,0,20241201,20260226
255812,0,0,0,0,0,1,0,20241201,20260226
255813,0,0,0,0,0,1,0,20241201,20260226
255814,1,1,1,1,1,0,0,20241201,20260226
255815,1,1,1,1,1,0,0,20241201,20260226
255816,1,1,1,1,1,0,0,20241201,20260226
255817,1,1,1,1,1,0,0,20241201,20260226
255818,1,1,1,1,1,0,0,20241201,20260226
255819,1,1,1,1,1,0,0,20241201,20260226
255820,1,1,1,1,1,0,0,20241201,20260226
255821,1,1,1,1,1,0,0,20241201,20260226
255822,1,1,1,1,1,0,0,20241201,20260226
255823,1,1,1,1,1,0,0,20241201,20260226
255824,1,1,1,1,1,0,0,20241201,20260226
255825,1,1,1,1,1,0,0,20241201,20260226
255826,1,1,1,1,1,0,0,20241201,20260226
255827,1,1,1,1,1,0,0,20241015,20250414
255828,0,0,0,0,0,1,1,20241015,20250414
255831,1,1,1,1,1,0,0,20241201,20260226
255832,0,0,0,0,0,1,1,20241201,20260226
255833,0,0,0,0,0,1,1,20241201,20260226
255834,1,1,1,1,1,0,0,20241201,20260226
255835,0,0,0,0,0,1,1,20241201,20260226
255836,1,1,1,1,1,0,0,20241201,20260226
255837,1,1,1,1,1,1,1,20241201,20260226
255838,1,1,1,1,1,0,0,20250201,20260226
255843,0,0,0,0,0,0,1,20241201,20260226
255844,0,0,0,0,0,0,1,20241201,20260226
255845,0,0,0,0,0,0,1,20241201,20260226
255846,0,0,0,0,0,0,1,20241201,20260226
255847,0,0,0,0,0,0,1,20241201,20260226
255907,1,1,1,1,1,0,0,20241201,20260226
255919,0,0,0,0,0,1,0,20250106,20260226
255920,0,0,0,0,0,1,0,20250106,20260226
255921,0,0,0,0,0,1,0,20250106,20260226
255922,0,0,0,0,0,1,0,20250106,20260226
255923,0,0,0,0,0,1,0,20250106,20260226
255924,0,0,0,0,0,1,0,20250106,20260226
255925,0,0,0,0,0,1,0,20250106,20260226
256098,1,1,1,1,1,0,0,20241201,20260226
256107,1,1,1,1,1,0,0,20241201,20260226
256108,0,0,0,0,0,1,1,20241201,20260226
256110,0,0,0,0,0,0,1,20241201,20250609
256111,0,0,0,0,0,1,0,20241201,20250609
256112,0,0,0,0,1,0,0,20241201,20250609
256113,1,1,1,1,0,0,0,20241201,20250609
256114,1,0,1,0,1,0,0,20241201,20260226
256115,0,1,0,1,0,0,0,20241201,20260226
256117,1,1,1,1,1,0,0,20241201,20250609
256118,0,0,0,0,0,0,1,20250201,20260226
256135,1,1,1,1,1,0,0,20250201,20260226
256136,0,0,0,0,0,0,1,20250106,20260226
256137,0,0,0,0,0,0,1,20250106,20260226
256138,0,0,0,0,0,0,1,20250106,20260226
256139,0,0,0,0,0,0,1,20250106,20260226
256140,0,0,0,0,0,0,1,20250106,20260226
256141,0,0,0,0,0,0,1,20250106,20260226
256142,0,0,0,0,0,0,1,20250106,20260226
256159,1,1,1,1,1,0,0,20241202,20260226
256160,1,1,1,1,1,0,0,20241202,20260226
256240,0,0,0,0,0,1,0,20241201,20260226
256242,0,0,0,0,1,0,0,20241201,20250621
256243,1,1,1,1,0,1,1,20241201,20250630
256244,0,0,0,0,0,1,1,20241201,20250621
256245,1,1,1,1,1,1,1,20241201,20250621
256246,1,1,1,1,1,0,0,20241201,20250621
256250,1,1,1,1,1,0,0,20241201,20260226
256251,1,1,1,1,1,0,0,20241201,20260226
256252,1,1,1,1,1,0,0,20241201,20260226
256253,1,1,1,1,1,0,0,20241201,20260226
256254,1,1,1,1,1,0,0,20241201,20260226
256255,1,1,1,1,1,0,0,20241201,20260226
256264,0,0,0,0,0,1,0,20250201,20260226
256277,0,0,0,0,0,0,1,20241201,20260226
256299,0,0,0,0,0,0,1,20241201,20260226
256300,0,0,0,0,0,0,1,20241201,20260226
256301,0,0,0,0,0,0,1,20241201,20260226
256302,0,0,0,0,0,0,1,20241201,20260226
256303,0,0,0,0,0,1,0,20241201,20260226
256304,0,0,0,0,0,1,0,20241201,20260226
256305,0,0,0,0,0,1,0,20241201,20260226
256306,0,0,0,0,0,1,0,20241201,20260226
256307,0,0,0,0,0,0,1,20241201,20260226
256308,0,0,0,0,0,0,1,20241201,20260226
256309,0,0,0,0,0,0,1,20241201,20260226
256310,0,0,0,0,0,0,1,20241201,20260226
256325,1,1,1,1,1,1,0,20250101,20280930
256565,0,0,0,0,1,1,0,20250105,20250615
256595,1,1,1,1,1,0,0,20250105,20250615
256605,0,0,0,0,1,0,0,20250101,20280930
256608,1,1,1,1,1,1,1,20241202,20260226
256609,1,1,1,1,1,1,0,20241202,20260226
256610,1,1,1,1,1,0,0,20241202,20260226
256613,1,1,1,1,1,0,0,20241202,20260226
256614,0,0,0,0,0,1,1,20241202,20260226
256615,1,1,1,1,1,0,0,20241202,20260226
256616,1,1,1,1,1,0,0,20241202,20260226
256618,0,0,1,0,0,0,0,20241202,20260226
256619,1,1,1,1,1,0,0,20241202,20260226
256620,1,1,1,1,1,0,0,20241202,20260226
256621,1,1,1,1,1,0,0,20241202,20260226
256702,1,1,1,1,1,1,1,20241114,20250430
256733,1,1,1,1,1,1,1,20241216,20260630
256734,1,1,1,1,1,1,1,20241216,20260630
256735,0,0,0,0,1,1,1,20241216,20250615
256760,1,1,1,1,1,0,0,20250106,20260226
256761,1,1,1,1,1,0,0,20250106,20260226
256762,1,1,1,1,1,0,0,20250201,20290630
256785,1,1,1,1,1,1,0,20250201,20300930
256786,1,1,1,1,1,0,0,20250201,20300930
256787,1,1,1,1,1,0,0,20250201,20300930
256788,0,0,0,0,0,1,1,20250201,20300930
256789,1,0,1,0,1,0,0,20250201,20300930
256790,1,1,1,1,1,0,0,20250101,20280930
256791,1,1,1,1,1,0,0,20250201,20290630
256792,1,1,1,1,1,0,0,20250201,20260226
256794,1,1,1,1,1,0,0,20250201,20260226
256795,1,1,1,1,1,0,0,20250201,20260226
256796,1,1,1,1,1,0,0,20250201,20260226
256797,1,1,1,1,1,0,0,20250201,20250302
256798,1,1,1,1,1,0,0,20250101,20280930
256799,1,1,1,1,0,0,0,20250201,20290630
256800,1,1,1,1,1,1,1,20250101,20280930
256801,0,0,0,0,1,0,0,20250201,20290630
256894,0,0,0,0,0,1,1,20250201,20260226
256896,1,1,1,1,1,0,0,20250201,20300930
256897,1,1,1,1,1,0,0,20250201,20300930
256933,1,1,1,1,1,0,0,20250201,20260226
256934,0,0,0,0,0,1,0,20250201,20260226
256955,1,1,1,1,1,1,1,20241205,20260226
257080,1,1,1,1,1,1,0,20250101,20280930
257111,0,0,0,0,0,1,0,20250101,20280930
257112,1,1,1,1,1,1,1,20250101,20280930
257113,1,1,1,1,1,0,0,20250101,20250228
257114,0,0,0,0,0,0,1,20250101,20280930
257118,1,1,1,1,1,0,0,20250106,20260226
257119,1,1,1,1,1,0,0,20250106,20260226
257121,1,1,1,1,1,0,0,20250106,20260226
257122,1,1,1,1,1,0,0,20250106,20260226
257123,1,1,1,1,1,0,0,20250106,20260226
257124,1,1,1,1,1,0,0,20250106,20260226
257125,1,1,1,1,1,0,0,20250106,20260226
257126,1,1,1,1,1,0,0,20250106,20260226
257127,1,1,1,1,1,0,0,20250106,20260226
257128,1,1,1,1,1,0,0,20250106,20260226
257129,1,1,1,1,1,0,0,20250106,20260226
257130,1,1,1,1,1,1,0,20250101,20280930
257133,1,1,1,1,1,0,0,20250101,20280930
257138,1,1,1,1,1,0,0,20250106,20260226
257139,1,1,1,1,1,0,0,20250106,20260226
257140,1,1,1,1,1,0,0,20250106,20260226
257141,1,1,1,1,1,0,0,20250106,20260226
257142,1,1,1,1,1,0,0,20250106,20260226
257167,1,1,1,1,1,1,1,20250101,20280930
257168,1,1,1,1,1,0,0,20250101,20280930
257169,1,1,1,1,1,1,1,20250101,20280930
257170,1,1,1,1,1,1,1,20250101,20280930
257210,1,1,1,1,1,1,1,20250101,20280930
257211,1,1,1,1,1,1,1,20250101,20280930
257212,1,1,1,1,1,1,1,20250101,20280930
257213,1,1,1,1,1,1,1,20250101,20280930
257214,1,1,1,1,1,1,1,20250101,20280930
257215,1,1,1,1,1,1,1,20250101,20280930
257216,1,1,1,1,1,1,1,20250101,20280930
257217,1,1,1,1,1,1,1,20250101,20280930
257218,1,1,1,1,1,1,1,20250101,20280930
257229,1,1,1,1,1,0,0,20250101,20280930
257230,0,0,0,0,0,1,1,20250101,20280930
257234,1,1,1,1,1,0,0,20250101,20280930
257235,1,1,1,1,1,0,0,20250101,20280930
257263,1,1,1,1,1,0,0,20250101,20280930
257278,0,0,1,0,0,0,0,20250201,20250302
257279,0,0,0,0,1,0,0,20250201,20250302
257303,0,0,0,0,0,0,1,20250106,20260226
257304,0,0,0,0,0,0,1,20250106,20260226
257305,0,0,0,0,0,0,1,20250106,20260226
257306,0,0,0,0,0,0,1,20250106,20260226
257307,0,0,0,0,0,0,1,20250106,20260226
257308,0,0,0,0,0,0,1,20250106,20260226
257309,0,0,0,0,0,0,1,20250106,20260226
257310,0,0,0,0,0,0,1,20250106,20260226
257311,0,0,0,0,0,0,1,20250106,20260226
257312,0,0,0,0,0,0,1,20250106,20260226
257313,0,0,0,0,0,0,1,20250106,20260226
257314,0,0,0,0,0,0,1,20250106,20260226
257315,0,0,0,0,0,0,1,20250106,20260226
257316,0,0,0,0,0,0,1,20250106,20260226
257317,0,0,0,0,0,0,1,20250106,20260226
257318,0,0,0,0,0,0,1,20250106,20260226
257319,0,0,0,0,0,0,1,20250106,20260226
257320,0,0,0,0,0,0,1,20250106,20260226
257321,0,0,0,0,0,0,1,20250106,20260226
257322,0,0,0,0,0,0,1,20250106,20260226
257323,0,0,0,0,0,0,1,20250106,20260226
257324,0,0,0,0,0,0,1,20250106,20260226
257325,0,0,0,0,0,0,1,20250106,20260226
257326,0,0,0,0,0,0,1,20250106,20260226
257327,0,0,0,0,0,0,1,20250106,20260226
257328,0,0,0,0,0,0,1,20250106,20260226
257329,0,0,0,0,0,0,1,20250106,20260226
257330,0,0,0,0,0,0,1,20250106,20260226
257331,0,0,0,0,0,0,1,20250106,20260226
257332,0,0,0,0,0,0,1,20250106,20260226
257333,0,0,0,0,0,0,1,20250106,20260226
257334,0,0,0,0,0,0,1,20250106,20260226
257335,0,0,0,0,0,0,1,20250106,20260226
257336,1,1,1,1,1,0,0,20250106,20260226
257337,1,1,1,1,1,0,0,20250106,20260226
257338,1,1,1,1,1,0,0,20250106,20260226
257339,1,1,1,1,1,0,0,20250106,20260226
257341,1,1,1,1,1,0,0,20250106,20260226
257342,1,1,1,1,1,0,0,20250106,20260226
257343,1,1,1,1,1,0,0,20250106,20260226
257344,1,1,1,1,1,0,0,20250106,20260226
257345,1,0,1,0,1,0,0,20250106,20260226
257346,1,0,1,0,1,0,0,20250106,20260226
257347,1,0,1,0,1,0,0,20250106,20260226
257348,1,0,1,0,1,0,0,20250106,20260226
257349,1,0,1,0,1,0,0,20250106,20260226
257350,0,1,0,1,0,0,0,20250106,20260226
257351,0,1,0,1,0,0,0,20250106,20260226
257352,0,1,0,1,0,0,0,20250106,20260226
257354,1,0,1,0,1,0,0,20250106,20260226
257355,1,0,1,0,1,0,0,20250106,20260226
257356,1,0,1,0,1,0,0,20250106,20260226
257357,1,0,1,0,1,0,0,20250106,20260226
257358,1,0,1,0,1,0,0,20250106,20260226
257359,1,0,1,0,1,0,0,20250106,20260226
257360,1,0,1,0,1,0,0,20250106,20260226
257361,0,1,0,1,0,0,0,20250106,20260226
257362,0,1,0,1,0,0,0,20250106,20260226
257363,0,1,0,1,0,0,0,20250106,20260226
257364,0,1,0,1,0,0,0,20250106,20260226
257365,0,1,0,1,0,0,0,20250106,20260226
257366,1,0,1,0,1,0,0,20250106,20260226
257367,1,0,1,0,1,0,0,20250106,20260226
257368,1,0,1,0,1,0,0,20250106,20260226
257369,1,0,1,0,1,0,0,20250106,20260226
257370,1,0,1,0,1,0,0,20250106,20260226
257371,0,1,0,1,0,0,0,20250106,20260226
257372,0,1,0,1,0,0,0,20250106,20260226
257373,0,1,0,1,0,0,0,20250106,20260226
257374,0,1,0,1,0,0,0,20250106,20260226
257375,0,0,0,0,0,1,1,20250101,20280930
257383,1,1,1,1,1,0,0,20250101,20280930
257384,1,1,1,1,1,0,0,20250106,20260226
257385,1,1,1,1,1,0,0,20250106,20260226
257387,1,1,1,1,1,1,1,20240601,20260131
257390,1,1,1,1,1,1,1,20240601,20260131
257434,1,1,1,1,1,1,1,20250201,20300930
257449,1,1,1,1,1,1,1,20250101,20260226
257450,1,1,1,1,1,0,0,20250101,20260226
257451,0,0,0,0,0,1,1,20250101,20260226
257455,1,1,1,1,1,1,1,20250201,20290630
257456,1,0,1,0,1,0,0,20250201,20300930
257457,1,1,1,1,1,0,0,20250201,20300930
257458,1,0,1,0,1,1,1,20250201,20300930
257459,1,1,1,1,1,1,0,20250201,20290630
257503,1,1,1,1,1,0,0,20250106,20260226
257504,1,1,1,1,1,0,0,20250106,20260226
257505,1,1,1,1,1,0,0,20250106,20260226
257506,1,1,1,1,1,0,0,20250106,20260226
257507,1,1,1,1,1,0,0,20250106,20260226
257508,1,1,1,1,1,0,0,20250106,20260226
257509,1,1,1,1,1,0,0,20250106,20260226
257510,1,1,1,1,1,0,0,20250106,20260226
257511,1,1,1,1,1,0,0,20250106,20260226
257539,0,0,0,0,0,0,1,20240826,20260226
257544,1,0,1,0,1,0,0,20250201,20300930
257545,0,0,0,0,0,1,1,20250101,20260226
257546,0,1,0,1,0,0,0,20250201,20300930
257547,0,1,0,1,0,0,0,20250201,20300930
257548,0,0,0,0,0,1,1,20250201,20300930
257549,0,0,0,0,0,1,1,20250201,20300930
257552,1,1,1,1,1,1,1,20240301,20250228
257553,1,0,1,0,1,1,1,20250201,20300930
257554,0,1,0,1,0,0,0,20250201,20300930
257555,0,1,0,1,0,0,0,20250201,20300930
257556,1,0,1,0,1,1,1,20250201,20300930
257557,1,0,1,0,1,1,1,20250201,20300930
257558,0,1,0,1,0,0,0,20250201,20300930
257559,0,1,0,1,0,0,0,20250201,20300930
257725,0,0,0,0,0,1,0,20250201,20260226
257726,0,0,0,0,0,1,0,20250201,20260226
257727,0,0,0,0,0,1,0,20250201,20260226
257728,0,0,0,0,0,1,0,20250201,20260226
257729,0,0,0,0,0,1,0,20250201,20260226
257730,0,0,0,0,0,1,0,20250201,20260226
257739,1,1,1,1,1,0,0,20250106,20260226
257740,1,1,1,1,1,0,0,20250106,20260226
257741,1,1,1,1,1,0,0,20250106,20260226
257742,1,1,1,1,1,0,0,20250106,20260226
257743,1,1,1,1,1,0,0,20250106,20260226
257744,1,1,1,1,1,0,0,20250106,20260226
257745,1,1,1,1,1,0,0,20250106,20260226
257746,1,1,1,1,1,0,0,20250106,20260226
257747,1,1,1,1,1,0,0,20250106,20260226
257748,1,1,1,1,1,0,0,20250106,20260226
257749,1,1,1,1,1,0,0,20250106,20260226
257750,1,1,1,1,1,0,0,20250106,20260226
257751,1,1,1,1,1,0,0,20250106,20260226
257752,1,1,1,1,1,0,0,20250106,20260226
257753,1,1,1,1,1,0,0,20250106,20260226
257754,1,1,1,1,1,0,0,20250106,20260226
257755,1,1,1,1,1,0,0,20250106,20260226
257776,1,1,1,1,1,0,0,20250106,20260226
257777,1,1,1,1,1,0,0,20250106,20260226
257778,1,1,1,1,1,0,0,20250106,20260226
257779,1,1,1,1,1,0,0,20250106,20260226
257780,1,1,1,1,1,0,0,20250106,20260226
257781,1,1,1,1,1,0,0,20250106,20260226
257782,1,1,1,1,1,0,0,20250106,20260226
257783,1,1,1,1,1,0,0,20250106,20260226
257784,1,1,1,1,1,0,0,20250106,20260226
257785,1,1,1,1,1,0,0,20250106,20260226
257786,1,1,1,1,1,0,0,20250106,20260226
257787,1,1,1,1,1,0,0,20250106,20260226
257788,1,1,1,1,1,0,0,20250106,20260226
257789,1,1,1,1,1,0,0,20250106,20260226
257790,0,0,0,0,0,1,0,20250106,20260226
257791,0,0,0,0,0,1,0,20250106,20260226
257792,0,0,0,0,0,1,0,20250106,20260226
257793,0,0,0,0,0,1,0,20250106,20260226
257794,0,0,0,0,0,1,0,20250106,20260226
257795,0,0,0,0,0,0,1,20250106,20260226
257796,0,0,0,0,0,0,1,20250106,20260226
257797,0,0,0,0,0,0,1,20250106,20260226
257798,0,0,0,0,0,0,1,20250106,20260226
257799,0,0,0,0,0,0,1,20250106,20260226
257800,1,1,1,1,1,0,0,20250106,20260226
257801,1,1,1,1,1,0,0,20250106,20260226
257802,1,1,1,1,1,0,0,20250106,20260226
257803,1,1,1,1,1,0,0,20250106,20260226
257804,1,1,1,1,1,0,0,20250106,20260226
257805,1,1,1,1,1,0,0,20250106,20260226
257806,1,1,1,1,1,0,0,20250106,20260226
257807,1,1,1,1,1,0,0,20250106,20260226
257808,1,1,1,1,1,0,0,20250106,20260226
257809,1,1,1,1,1,0,0,20250106,20260226
257810,1,1,1,1,1,0,0,20250106,20260226
257811,1,1,1,1,1,0,0,20250106,20260226
257812,1,1,1,1,1,0,0,20250106,20260226
257813,1,1,1,1,1,0,0,20250106,20260226
257814,1,1,1,1,1,0,0,20250106,20260226
257815,1,1,1,1,1,0,0,20250106,20260226
257816,1,1,1,1,1,0,0,20250106,20260226
257835,1,1,1,1,1,0,0,20250106,20260226
257836,1,1,1,1,1,0,0,20250106,20260226
257837,1,1,1,1,1,0,0,20250106,20260226
257838,1,1,1,1,1,0,0,20250106,20260226
257839,1,1,1,1,1,0,0,20250106,20260226
257840,1,1,1,1,1,0,0,20250106,20260226
257842,1,1,1,1,1,0,0,20250106,20260226
257843,1,1,1,1,1,0,0,20250106,20260226
257844,1,1,1,1,1,0,0,20250106,20260226
257845,1,1,1,1,1,0,0,20250106,20260226
257846,1,1,1,1,1,0,0,20250106,20260226
257847,1,1,1,1,1,0,0,20250106,20260226
257848,1,1,1,1,1,0,0,20250106,20260226
257849,1,1,1,1,1,0,0,20250106,20260226
257850,1,1,1,1,1,0,0,20250106,20260226
257863,1,1,1,1,1,0,0,20250106,20280930
257864,1,1,1,1,1,0,0,20250106,20280930
257865,1,1,1,1,1,0,0,20250106,20280930
257866,1,1,1,1,1,0,0,20250106,20280930
257873,1,1,1,1,0,0,0,20241230,20250609
257877,1,1,1,1,1,1,1,20250101,20260226
257896,1,1,1,1,1,0,0,20250106,20260226
257901,0,0,0,0,0,1,1,20250101,20260226
257902,1,1,1,1,1,0,0,20250101,20260226
257903,1,1,1,1,1,1,1,20250101,20260226
257904,1,1,1,1,1,1,0,20250101,20250302
257905,1,1,1,1,1,1,1,20250101,20250302
257906,1,1,1,1,1,0,0,20250101,20250302
257912,0,0,0,0,0,1,1,20250102,20260226
257913,0,0,0,0,0,0,1,20250102,20260226
257914,1,1,1,1,1,0,0,20250102,20260226
257915,0,0,0,0,0,1,0,20250102,20260226
257928,1,1,1,1,1,0,0,20250101,20300630
257930,0,0,0,0,0,1,1,20250101,20300630
257931,0,0,0,0,0,1,1,20250101,20300630
257933,1,1,1,1,1,0,0,20250101,20300630
257934,1,1,1,1,1,1,1,20250101,20300630
257935,0,0,0,0,0,1,1,20250101,20300630
257936,1,1,1,1,1,0,0,20250101,20300630
257937,0,0,0,0,0,1,1,20250101,20300630
257948,1,1,1,1,1,0,0,20250101,20250430
257951,1,1,1,1,1,0,0,20250101,20250430
257957,1,0,1,0,1,0,0,20250101,20250228
257958,0,0,0,0,0,1,1,20250101,20250228
257959,1,1,1,1,1,0,0,20250101,20250228
257960,0,0,0,0,1,0,0,20250101,20250228
257961,1,1,1,1,1,1,1,20250101,20250228
257962,1,1,1,1,1,1,1,20250101,20250228
257963,0,1,0,1,0,1,1,20250101,20250228
257964,1,1,1,1,0,0,0,20250101,20250228
257965,0,0,0,0,0,1,1,20250101,20250228
258031,1,1,1,1,1,1,0,20250101,20321231
258033,0,0,0,0,0,0,1,20250101,20321231
258036,1,1,1,1,1,1,0,20250101,20321231
258038,1,1,1,1,1,0,0,20250101,20321231
258041,1,1,1,1,1,1,1,20250101,20321231
258045,1,1,1,1,1,0,0,20250101,20321231
258051,1,1,1,1,1,0,0,20250101,20321231
258052,1,1,1,1,1,1,0,20250101,20321231
258153,1,1,1,1,1,0,0,20250101,20321231
258154,1,1,1,1,1,0,0,20250101,20321231
258155,1,1,0,1,1,1,0,20250101,20321231
258156,0,0,1,0,0,0,0,20250101,20321231
258157,1,1,0,1,1,1,0,20250101,20321231
258158,0,0,1,0,0,0,0,20250101,20321231
258159,0,1,0,0,1,0,0,20250101,20321231
258160,0,1,0,0,1,0,0,20250101,20321231
258161,1,1,1,1,1,0,0,20250101,20321231
258162,1,1,1,1,1,0,0,20250101,20321231
258163,1,1,1,1,1,1,0,20250101,20321231
258164,1,1,1,1,1,0,0,20250101,20321231
258167,1,1,1,1,1,0,0,20250106,20250531
258168,0,0,0,0,0,1,0,20250106,20250531
258169,1,1,1,1,1,1,0,20250106,20250531
258170,1,1,1,1,1,0,0,20250106,20300731
258171,0,0,0,0,0,1,1,20250106,20300731
258176,1,1,1,1,1,0,0,20241220,20250228
258179,1,1,1,1,1,0,0,20250106,20260226
258180,1,1,1,1,1,0,0,20250106,20260226
258182,1,1,1,1,1,0,0,20250106,20260226
258185,0,0,0,0,0,1,1,20250106,20260226
258187,1,1,1,1,1,0,0,20250106,20260226
258195,1,1,1,1,1,0,0,20250106,20260226
258204,1,0,0,0,0,0,0,20250106,20260226
258213,0,1,0,0,0,0,0,20250106,20260226
258222,0,0,1,0,0,0,0,20250106,20260226
258228,0,0,0,1,0,0,0,20250106,20260226
258239,0,0,0,0,1,0,0,20250106,20260226
258246,0,0,0,0,1,0,0,20250106,20260226
258250,0,0,0,0,0,1,0,20250106,20260226
258261,0,0,0,0,0,0,1,20250106,20260226
258274,0,1,0,1,0,0,0,20250201,20260226
258280,1,1,1,1,1,0,0,20250201,20250302
258281,1,1,1,1,0,0,0,20250201,20260226
258282,1,1,1,1,0,0,0,20250201,20260226
258283,0,0,0,0,0,1,1,20250106,20280930
258284,0,0,0,0,1,0,0,20250201,20260226
258285,0,0,0,0,1,0,0,20250201,20260226
258286,0,0,0,0,0,1,0,20250201,20260226
258287,0,0,0,0,0,0,1,20250201,20260226
258288,1,1,1,1,1,0,0,20250303,20260226
258289,1,1,1,1,1,0,0,20250303,20260226
258290,1,1,1,1,1,0,0,20250303,20260226
258291,1,1,1,1,1,0,0,20250303,20260226
258292,0,0,0,0,0,1,0,20250201,20250302
258293,0,0,0,0,0,1,0,20250201,20250302
258294,0,0,0,0,0,0,1,20250201,20250302
258295,1,1,1,1,1,0,0,20250303,20260226
258296,1,1,1,1,1,0,0,20250303,20260226
258297,1,1,1,1,1,0,0,20250303,20260226
258298,1,1,1,1,1,0,0,20250303,20260226
258299,1,1,1,1,1,0,0,20250303,20260226
258300,1,1,1,1,1,0,0,20250303,20260226
258301,1,1,1,1,1,0,0,20250303,20260226
258302,1,1,1,1,1,0,0,20250303,20260226
258303,1,1,1,1,1,0,0,20250303,20260226
258304,1,1,1,1,1,0,0,20250303,20260226
258305,1,1,1,1,1,0,0,20250303,20260226
258308,1,1,1,1,1,0,0,20250303,20260226
258309,1,1,1,1,1,0,0,20250303,20260226
258310,1,1,1,1,1,0,0,20250303,20260226
258311,1,1,1,1,1,0,0,20250303,20260226
258312,1,1,1,1,1,0,0,20250303,20260226
258313,1,1,1,1,1,0,0,20250303,20260226
258314,1,1,1,1,1,0,0,20250303,20260226
258315,1,1,1,1,1,0,0,20250303,20260226
258316,1,1,1,1,1,0,0,20250303,20260226
258320,1,1,1,1,1,0,0,20250303,20260226
258321,1,1,1,1,1,0,0,20250303,20260226
258323,1,1,1,1,1,0,0,20250303,20260226
258324,1,1,1,1,1,0,0,20250303,20260226
258325,0,0,0,0,0,1,1,20250303,20260226
258326,0,0,0,0,0,1,0,20250101,20321231
258327,0,0,0,0,0,0,1,20250101,20321231
258328,1,1,1,1,1,0,0,20250101,20321231
258329,1,1,1,1,1,0,0,20250101,20321231
258330,1,1,1,1,1,0,0,20250101,20321231
258331,1,1,1,1,1,0,0,20250101,20321231
258332,1,1,1,1,1,0,0,20250101,20321231
258333,1,1,1,1,1,0,0,20250101,20250302
258334,0,0,0,0,0,1,1,20250101,20250302
258335,1,1,1,1,1,0,0,20250106,20260226
258348,1,1,1,1,1,0,0,20250101,20321231
258354,0,0,0,0,0,0,1,20250101,20321231
258355,1,1,1,1,1,0,0,20250101,20321231
258358,0,0,0,0,1,0,0,20250101,20321231
258360,1,1,1,1,1,0,0,20250101,20321231
258361,0,0,0,0,0,1,1,20250101,20321231
258362,0,0,0,0,0,1,1,20250101,20321231
258363,1,1,1,1,1,0,0,20250101,20321231
258364,1,1,1,1,1,0,0,20250101,20321231
258365,1,1,1,1,1,0,0,20250101,20321231
258366,1,1,1,1,1,0,0,20250101,20321231
258367,1,1,1,1,1,0,0,20250101,20321231
258369,0,0,0,0,1,0,0,20250101,20321231
258371,1,1,1,1,1,0,0,20250101,20321231
258375,1,1,1,1,1,0,0,20250201,20260226
258376,0,0,0,0,0,1,0,20250201,20260226
258377,1,0,0,1,0,0,0,20250101,20321231
258401,1,1,1,1,1,0,0,20250101,20321231
258402,1,1,1,1,1,0,0,20250101,20321231
258403,1,1,1,1,1,0,0,20250101,20321231
258404,1,1,1,1,1,0,0,20250101,20321231
258405,0,0,0,0,0,1,0,20250101,20321231
258406,0,0,0,0,0,1,0,20250101,20321231
258407,0,0,0,0,0,1,0,20250101,20321231
258408,0,0,0,0,0,0,1,20250106,20250414
258409,1,1,1,1,1,0,0,20250101,20321231
258410,1,1,1,1,1,0,0,20250101,20321231
258413,1,1,1,1,1,0,0,20250101,20321231
258414,0,0,0,0,0,0,1,20250101,20321231
258416,1,1,1,1,1,1,0,20250101,20321231
258418,0,0,0,0,1,0,0,20250101,20321231
258419,1,1,1,1,1,1,0,20250101,20321231
258421,0,0,0,0,0,1,0,20250101,20321231
258423,1,1,1,1,1,0,0,20250101,20321231
258424,1,1,1,1,1,0,0,20250101,20321231
258425,0,0,0,0,0,0,1,20250101,20321231
258426,0,0,0,0,0,0,1,20250101,20321231
258436,1,1,1,1,1,1,1,20250101,20321231
258438,1,1,1,1,1,0,0,20250101,20321231
258440,1,1,1,1,1,0,0,20250101,20321231
258443,0,0,0,0,0,1,0,20250101,20321231
258447,0,0,0,0,0,1,0,20250101,20321231
258448,0,0,0,0,0,1,0,20250101,20321231
258449,1,1,1,1,1,0,0,20250101,20321231
258450,1,1,1,1,1,0,0,20250101,20321231
258451,0,0,0,0,0,1,1,20250101,20321231
258452,0,0,0,0,0,0,1,20250101,20250302
258453,0,0,0,0,0,0,1,20250101,20250302
258457,1,1,1,1,1,1,0,20250101,20321231
258459,1,1,1,1,1,0,0,20250101,20321231
258461,1,1,1,1,1,0,0,20250101,20321231
258462,1,1,1,1,1,0,0,20250101,20321231
258464,1,1,1,1,1,0,0,20250101,20321231
258465,1,1,1,1,1,1,1,20250101,20321231
258466,1,1,1,1,1,1,1,20250101,20321231
258470,1,1,1,1,1,0,0,20250101,20321231
258472,1,1,1,1,1,0,0,20250101,20321231
258473,1,1,1,1,1,0,0,20250101,20321231
258474,1,1,1,1,1,0,0,20250101,20321231
258477,1,1,1,1,1,0,0,20250101,20321231
258479,0,0,0,0,0,1,0,20250101,20321231
258481,1,1,1,1,1,0,1,20250101,20321231
258483,0,0,0,0,0,1,0,20250101,20321231
258485,0,0,0,0,0,1,1,20250106,20300731
258487,0,0,0,0,0,1,1,20250106,20300731
258490,1,1,1,1,1,0,0,20250101,20321231
258491,0,0,0,0,0,0,1,20250101,20321231
258492,1,1,1,1,1,0,0,20250101,20321231
258493,1,1,1,1,1,0,0,20250101,20250302
258494,1,1,1,1,1,0,0,20250101,20250302
258495,1,1,1,1,1,0,0,20250101,20250302
258517,1,1,1,1,1,0,0,20250303,20260226
258518,1,1,1,1,1,0,0,20250303,20260226
258519,1,1,1,1,1,0,0,20250303,20260226
258520,1,1,1,1,1,0,0,20250303,20260226
258521,1,1,1,1,1,0,0,20250303,20260226
258522,1,1,1,1,1,0,0,20250303,20260226
258523,1,1,1,1,1,0,0,20250303,20260226
258524,1,1,1,1,1,0,0,20250303,20260226
258525,1,1,1,1,1,0,0,20250303,20260226
258526,1,1,1,1,1,0,0,20250303,20260226
258527,1,1,1,1,1,0,0,20250303,20260226
258528,1,1,1,1,1,0,0,20250303,20260226
258529,1,1,1,1,1,0,0,20250303,20260226
258530,1,1,1,1,1,0,0,20250303,20260226
258545,1,1,1,1,1,0,0,20250303,20260226
258546,1,1,1,1,1,0,0,20250303,20260226
258547,1,1,1,1,1,0,0,20250303,20260226
258548,1,1,1,1,1,0,0,20250303,20260226
258549,1,1,1,1,1,0,0,20250303,20260226
258550,1,1,1,1,1,0,0,20250303,20260226
258551,1,1,1,1,1,0,0,20250303,20260226
258552,1,1,1,1,1,0,0,20250303,20260226
258553,1,1,1,1,1,0,0,20250303,20260226
258554,1,1,1,1,1,0,0,20250303,20260226
258555,1,1,1,1,1,0,0,20250303,20260226
258556,1,1,1,1,1,0,0,20250303,20260226
258557,1,1,1,1,1,0,0,20250303,20260226
258569,1,1,1,1,1,0,0,20250303,20260226
258570,1,1,1,1,1,0,0,20250303,20260226
258571,1,1,1,1,1,0,0,20250303,20260226
258572,1,1,1,1,1,0,0,20250303,20260226
258573,1,1,1,1,1,0,0,20250303,20260226
258574,1,1,1,1,1,0,0,20250303,20260226
258589,0,0,0,0,0,1,0,20250101,20321231
258592,1,1,1,1,1,1,0,20250101,20321231
258593,1,1,1,1,1,0,0,20250101,20321231
258594,1,1,1,1,1,0,0,20250101,20321231
258595,1,1,1,1,1,1,0,20250101,20321231
258596,1,1,1,1,1,0,0,20250101,20321231
258597,1,1,1,1,1,0,0,20250101,20321231
258598,0,0,0,0,0,1,0,20250101,20321231
258599,1,1,1,1,1,0,0,20250303,20260226
258600,1,1,1,1,1,0,0,20250303,20260226
258601,1,1,1,1,1,0,0,20250303,20260226
258602,1,1,1,1,1,0,0,20250303,20260226
258603,1,1,1,1,1,0,0,20250303,20260226
258604,1,1,1,1,1,0,0,20250303,20260226
258605,1,1,1,1,1,0,0,20250303,20260226
258606,1,1,1,1,1,0,0,20250101,20321231
258607,1,1,1,1,1,0,0,20250101,20321231
258608,1,1,1,1,1,1,1,20250101,20300331
258609,1,1,1,1,1,0,0,20250101,20321231
258610,1,1,1,1,1,1,1,20250106,20290930
258611,1,1,1,1,1,0,0,20250106,20290930
258612,1,1,1,1,1,1,1,20250106,20290930
258615,1,1,1,1,1,0,0,20250101,20321231
258616,1,1,1,1,1,0,1,20250101,20250302
258617,1,1,1,1,1,0,1,20250101,20250302
258618,1,1,1,1,1,0,0,20250101,20321231
258619,1,1,1,1,1,0,0,20250106,20260226
258620,1,1,1,1,1,0,0,20250106,20260226
258621,1,1,1,1,1,0,0,20250106,20260226
258622,1,1,1,1,1,0,0,20250106,20260226
258630,0,1,0,1,0,0,0,20250101,20321231
258631,0,1,0,1,0,0,0,20250101,20321231
258632,0,0,1,0,0,0,0,20250101,20321231
258634,1,1,1,1,1,0,0,20250101,20321231
258636,1,1,1,1,1,0,0,20250101,20321231
258637,1,1,1,1,1,0,0,20250101,20321231
258638,0,0,0,0,1,0,0,20250101,20321231
258639,0,0,0,0,0,0,1,20250101,20321231
258640,0,0,0,0,1,0,0,20250101,20321231
258641,0,0,0,0,0,0,1,20250101,20321231
258642,1,1,1,1,1,0,0,20250101,20321231
258643,1,0,1,0,1,0,0,20250101,20321231
258644,1,0,1,0,1,0,0,20250101,20321231
258645,1,1,1,1,1,0,0,20250101,20321231
258647,1,1,1,1,1,0,0,20250101,20321231
258655,0,0,0,0,0,1,0,20250106,20260226
258656,0,0,0,0,0,1,0,20250106,20260226
258657,0,0,0,0,0,1,0,20250106,20260226
258658,0,0,0,0,0,1,0,20250106,20260226
258659,0,0,0,0,0,1,0,20250106,20260226
258660,0,0,0,0,0,1,0,20250106,20260226
258661,0,0,0,0,0,1,0,20250106,20260226
258673,0,0,0,0,0,1,0,20250106,20260226
258674,0,0,0,0,0,1,0,20250106,20260226
258675,0,0,0,0,0,1,0,20250106,20260226
258676,0,0,0,0,0,1,0,20250106,20260226
258677,0,0,0,0,0,1,0,20250106,20260226
258678,0,0,0,0,0,1,0,20250106,20260226
258679,0,0,0,0,0,1,0,20250106,20260226
258680,0,0,0,0,0,1,0,20250106,20260226
258681,0,0,0,0,0,1,0,20250106,20260226
258682,0,0,0,0,0,1,0,20250106,20260226
258683,0,0,0,0,0,1,0,20250106,20260226
258688,1,1,1,1,1,0,0,20250101,20321231
258689,0,0,1,0,0,0,0,20250101,20321231
258693,1,1,1,1,1,0,0,20250101,20321231
258694,1,1,1,1,1,0,0,20250101,20321231
258696,0,1,0,1,0,0,0,20250101,20321231
258697,1,0,1,0,1,0,0,20250101,20321231
258699,1,1,1,1,1,0,0,20250101,20321231
258701,1,1,1,1,1,0,0,20250101,20321231
258703,1,1,1,1,1,0,0,20250101,20321231
258704,0,1,0,0,1,0,0,20250101,20321231
258706,1,1,1,1,1,0,0,20250101,20321231
258707,1,1,1,1,1,0,0,20250101,20321231
258708,0,1,0,0,1,0,0,20250101,20321231
258710,1,1,1,1,1,0,0,20250101,20321231
258711,1,1,1,1,1,1,1,20250101,20321231
258712,1,1,1,1,1,0,0,20250101,20321231
258713,1,1,1,1,1,0,0,20250101,20321231
258714,1,1,1,1,1,0,0,20250101,20321231
258715,1,1,1,1,1,1,1,20250101,20321231
258716,0,1,0,0,0,0,0,20250101,20321231
258717,1,1,1,1,1,1,1,20250101,20321231
258719,1,1,1,1,1,1,0,20250101,20321231
258721,1,1,1,1,1,0,0,20250101,20321231
258723,1,1,1,1,1,1,0,20250101,20321231
258727,0,1,0,0,0,0,0,20250101,20321231
258728,1,1,1,1,1,0,0,20250101,20321231
258729,1,1,1,1,1,0,0,20250101,20321231
258731,1,1,1,1,1,0,0,20250101,20321231
258732,1,1,1,1,1,0,0,20250101,20321231
258734,1,1,1,1,0,1,1,20250101,20321231
258735,1,1,1,1,1,0,0,20250101,20321231
258736,1,1,1,1,1,0,0,20250101,20321231
258737,0,0,0,0,0,1,0,20250101,20321231
258744,0,0,0,0,0,0,1,20250101,20321231
258745,0,0,0,0,0,1,0,20250101,20321231
258751,1,1,1,1,1,0,0,20250101,20321231
258753,0,0,0,0,1,0,0,20250101,20321231
258754,1,1,1,1,1,0,0,20250101,20321231
258757,1,1,1,1,1,0,0,20250101,20321231
258758,1,1,1,1,1,0,0,20250101,20321231
258759,0,1,0,1,0,0,0,20250101,20321231
258760,1,0,1,0,1,0,0,20250101,20321231
258761,1,1,1,1,1,0,0,20250101,20321231
258762,1,1,1,1,1,0,0,20250101,20321231
258763,1,1,1,1,1,0,0,20250101,20321231
258764,1,1,1,1,1,0,0,20250101,20321231
258765,1,1,1,1,1,0,1,20250101,20321231
258766,1,1,1,1,1,1,1,20250101,20321231
258767,1,1,1,1,1,1,1,20250101,20321231
258769,1,1,1,1,1,0,0,20250101,20321231
258770,1,1,1,1,1,0,0,20250101,20321231
258771,1,1,1,1,1,0,1,20250101,20321231
258772,1,1,1,1,1,1,1,20250101,20321231
258773,0,0,0,0,0,1,1,20250101,20321231
258774,1,1,1,1,1,0,0,20250101,20321231
258775,1,1,1,1,1,0,0,20250101,20321231
258776,1,1,1,1,1,0,0,20250101,20321231
258777,1,1,0,1,1,0,0,20250101,20321231
258779,0,0,1,0,0,0,0,20250101,20321231
258780,0,0,1,0,0,0,0,20250101,20321231
258781,1,1,0,1,1,0,0,20250101,20321231
258782,1,1,1,1,1,0,0,20250101,20321231
258783,0,0,1,0,0,0,0,20250101,20321231
258784,1,1,1,1,1,0,0,20250101,20321231
258785,1,1,1,1,1,0,0,20250101,20321231
258786,1,1,1,1,1,1,0,20250101,20321231
258787,1,1,1,1,1,1,0,20250101,20321231
258788,1,1,1,1,1,0,0,20250101,20321231
258789,1,1,1,1,1,0,0,20250101,20321231
258790,1,1,1,1,1,0,0,20250101,20321231
258791,1,1,1,1,1,0,0,20250101,20321231
258792,1,1,1,1,1,0,0,20250101,20321231
258793,1,1,1,1,1,0,0,20250101,20321231
258794,0,1,0,1,0,0,0,20250101,20321231
258795,0,0,0,0,0,1,0,20250101,20321231
258796,0,0,0,0,0,1,0,20250101,20321231
258798,1,1,1,1,1,0,0,20250101,20321231
258801,0,0,1,0,0,0,0,20250101,20321231
258802,0,0,0,0,0,0,1,20250101,20321231
258803,0,0,0,0,0,0,1,20250101,20321231
258804,1,1,1,1,1,0,0,20250101,20250302
258805,0,0,0,0,1,0,0,20250101,20321231
258806,0,0,0,0,1,0,0,20250101,20321231
258807,1,1,1,1,1,0,0,20250101,20321231
258808,1,1,1,1,1,0,0,20250101,20321231
258809,1,1,1,1,1,0,0,20250101,20321231
258810,0,0,1,0,0,0,0,20250101,20321231
258811,1,1,1,1,1,0,0,20250101,20321231
258812,1,1,1,1,1,0,0,20250101,20321231
258813,1,1,1,1,1,0,0,20250101,20321231
258814,1,1,1,1,1,0,0,20250101,20321231
258815,1,1,1,1,1,0,0,20250101,20321231
258816,1,1,1,1,1,0,0,20250101,20321231
258817,1,1,1,1,1,0,0,20250101,20321231
258818,0,0,0,0,0,1,1,20250101,20321231
258819,1,1,1,1,1,0,0,20250101,20321231
258820,1,1,1,1,1,0,0,20250101,20321231
258821,1,1,1,1,1,1,1,20250101,20321231
258822,1,1,1,1,1,0,0,20250101,20321231
258823,1,1,1,1,1,0,0,20250101,20321231
258824,0,1,0,0,1,0,0,20250101,20321231
258825,0,1,0,0,1,0,0,20250101,20321231
258826,1,1,1,1,1,0,0,20250101,20321231
258827,1,1,1,1,1,0,0,20250101,20321231
258828,0,0,0,0,0,1,0,20250201,20260226
258829,0,0,0,0,0,1,0,20250201,20260226
258830,0,0,0,0,0,1,0,20250201,20260226
258831,0,0,0,0,0,0,1,20250201,20260226
258832,0,0,0,0,0,0,1,20250201,20260226
258833,0,0,0,0,0,0,1,20250201,20260226
258834,0,0,0,0,0,1,0,20250201,20250302
258835,0,0,0,0,0,0,1,20250201,20250302
258836,0,0,0,0,0,0,1,20250201,20250302
258840,1,1,1,1,1,0,0,20250106,20260226
258841,1,1,1,1,1,0,0,20250106,20260226
258842,1,1,1,1,1,0,0,20250106,20260226
258843,1,1,1,1,1,0,0,20250106,20260226
258844,1,1,1,1,1,0,0,20250106,20260226
258845,1,1,1,1,1,0,0,20250106,20260226
258846,1,1,1,1,1,0,0,20250106,20260226
258851,1,1,1,1,1,1,1,20250201,20300930
258854,1,1,1,1,1,0,0,20250201,20300930
258866,1,1,1,1,1,0,0,20250201,20300930
258871,0,0,0,0,0,1,0,20250106,20260226
258872,0,0,0,0,0,1,0,20250106,20260226
258873,0,0,0,0,0,1,0,20250106,20260226
258874,0,0,0,0,0,1,0,20250106,20260226
258875,0,0,0,0,0,1,0,20250106,20260226
258876,0,0,0,0,0,1,0,20250106,20260226
258877,0,0,0,0,0,1,0,20250106,20260226
258878,0,0,0,0,0,1,0,20250106,20260226
258879,0,0,0,0,0,1,0,20250106,20260226
258880,0,0,0,0,0,1,0,20250106,20260226
258881,0,0,0,0,0,1,0,20250106,20260226
258890,0,0,0,0,0,1,0,20250106,20260226
258891,0,0,0,0,0,1,0,20250106,20260226
258892,0,0,0,0,0,1,0,20250106,20260226
258893,0,0,0,0,0,1,0,20250106,20260226
258895,1,1,1,1,1,1,1,20250201,20250612
258896,1,1,1,1,1,1,1,20250201,20250612
258897,1,1,1,1,1,0,0,20250201,20250612
258901,1,1,1,1,1,0,0,20250101,20260226
258902,1,1,1,1,1,0,0,20250201,20280930
258903,0,1,0,1,0,0,0,20250201,20280930
258904,1,0,1,0,1,0,0,20250201,20280930
258905,1,1,1,1,1,0,0,20250201,20280930
258906,0,0,0,0,0,1,1,20250201,20280930
258907,0,0,0,0,0,1,1,20250201,20250228
258908,1,1,1,1,1,1,0,20250106,20300331
258911,1,1,1,1,1,1,1,20250106,20300331
258914,1,1,1,1,1,0,0,20241021,20260226
258915,1,1,1,1,1,0,0,20241021,20260226
258916,1,1,1,1,1,0,0,20241021,20260226
258917,1,1,1,1,1,0,0,20241021,20260226
258918,1,1,1,1,1,0,0,20241021,20260226
258919,1,1,1,1,1,0,0,20241021,20260226
258920,1,1,1,1,1,0,0,20241021,20260226
258921,1,1,1,1,1,0,0,20241021,20260226
258922,1,1,1,1,1,0,0,20241021,20260226
258923,1,1,1,1,1,0,0,20241021,20260226
258924,1,1,1,1,1,0,0,20241021,20260226
258925,1,1,1,1,1,0,0,20241021,20260226
258926,1,1,1,1,1,0,0,20241021,20260226
258927,1,1,1,1,1,0,0,20241021,20260226
258928,1,1,1,1,1,0,0,20241021,20260226
258929,1,1,1,1,1,0,0,20241021,20260226
258930,1,1,1,1,1,0,0,20241021,20260226
258931,1,1,1,1,1,0,0,20250201,20260226
258946,1,1,1,1,1,1,1,20250201,20300930
258947,1,1,1,0,1,1,1,20250201,20250228
258955,1,1,1,1,1,0,0,20250201,20260226
258956,1,1,1,1,1,0,0,20250201,20260226
258957,1,1,1,1,1,0,0,20250201,20260226
258958,1,1,1,1,1,0,0,20250201,20260226
258959,1,1,1,1,1,0,0,20250201,20260226
258960,1,1,1,1,1,0,0,20250201,20260226
258961,1,1,1,1,1,0,0,20250201,20260226
258968,1,1,1,1,1,0,0,20250301,20300930
259001,0,0,0,0,0,1,1,20250303,20260226
259002,0,0,0,0,0,1,1,20250303,20260226
259013,1,1,1,1,1,1,1,20250127,20251014
259014,1,1,1,1,1,1,1,20250127,20251014
259028,0,0,0,0,1,0,0,20241206,20260226
259029,1,1,1,1,1,0,0,20250201,20280930
259073,1,1,1,1,1,0,0,20250201,20300930
259074,1,1,1,1,1,0,1,20250201,20300930
259078,1,1,1,1,1,1,1,20250201,20300930
259095,1,1,1,1,1,1,1,20250201,20290630
259138,1,1,1,1,1,0,0,20250201,20280930
259139,1,1,1,1,1,0,0,20250201,20280930
259230,1,1,1,1,1,0,0,20250120,20260226
259231,1,1,1,1,1,0,0,20250120,20260226
259235,0,0,0,0,0,1,1,20250120,20260226
259245,0,0,0,0,0,1,0,20250201,20260226
259246,0,0,0,0,0,1,0,20250201,20260226
259247,0,0,0,0,0,0,1,20250201,20260226
259248,0,0,0,0,0,0,1,20250201,20260226
259249,1,1,1,1,1,0,0,20250203,20260226
259250,1,1,1,1,1,0,0,20250203,20260226
259251,0,0,0,0,0,1,1,20250203,20260226
259252,1,1,1,1,1,0,0,20250201,20260226
259253,1,1,1,1,1,0,0,20250201,20260226
259254,1,1,1,1,1,0,0,20250201,20260226
259255,1,1,1,1,1,0,0,20250201,20260226
259256,1,1,1,1,1,0,0,20250201,20260226
259257,1,1,1,1,1,0,0,20250201,20260226
259258,1,1,1,1,1,0,0,20250201,20260226
259259,1,1,1,1,1,0,0,20250201,20260226
259260,1,1,1,1,1,0,0,20250201,20260226
259271,1,1,1,1,1,1,1,20250201,20280930
259272,1,1,1,1,1,0,0,20250201,20280930
259285,1,1,1,1,1,0,0,20250201,20260226
259286,1,1,1,1,1,0,0,20250201,20260226
259287,1,1,1,1,1,0,0,20250201,20260226
259288,1,1,1,1,1,0,0,20250201,20260226
259289,1,1,1,1,1,0,0,20250201,20260226
259290,1,1,1,1,1,0,0,20250201,20260226
259291,1,1,1,1,1,0,0,20250201,20260226
259292,1,1,1,1,1,0,0,20250201,20260226
259293,1,1,1,1,1,0,0,20250201,20260226
259294,1,1,1,1,1,0,0,20250201,20260226
259295,1,1,1,1,1,1,1,20250201,20280930
259296,1,1,1,1,1,1,1,20250201,20280930
259298,1,1,1,1,1,1,1,20250201,20280930
259299,1,1,1,1,1,1,1,20250201,20280930
259300,1,1,1,1,1,1,1,20250201,20280930
259301,1,1,1,1,1,1,1,20250201,20280930
259302,1,1,1,1,1,0,0,20250201,20280930
259303,1,1,1,1,1,0,0,20250201,20280930
259304,0,0,0,0,0,1,1,20250201,20280930
259580,1,1,1,1,1,0,0,20250201,20260226
259581,1,1,1,1,1,0,0,20250201,20260226
259582,1,1,1,1,1,0,0,20250201,20260226
259583,1,1,1,1,1,0,0,20250201,20260226
259584,1,1,1,1,1,0,0,20250201,20260226
259585,1,1,1,1,1,0,0,20250201,20260226
259586,1,1,1,1,1,0,0,20250201,20260226
259587,1,1,1,1,1,0,0,20250201,20260226
259588,1,1,1,1,1,0,0,20250201,20260226
259589,1,1,1,1,1,0,0,20250201,20260226
259612,1,1,1,1,1,0,0,20250201,20260226
259613,1,1,1,1,1,0,0,20250201,20260226
259614,1,1,1,1,1,0,0,20250201,20260226
259615,1,1,1,1,1,0,0,20250201,20260226
259616,1,1,1,1,1,0,0,20250201,20260226
259617,1,1,1,1,1,0,0,20250201,20260226
259618,1,1,1,1,1,0,0,20250201,20260226
259619,1,1,1,1,1,0,0,20250201,20260226
259620,1,1,1,1,1,0,0,20250201,20260226
259621,1,1,1,1,1,0,0,20250201,20260226
259622,1,1,1,1,1,0,0,20250201,20260226
259652,0,0,0,0,0,0,1,20250201,20260226
259653,0,0,0,0,0,0,1,20250201,20260226
259654,0,0,0,0,0,0,1,20250201,20260226
259655,0,0,0,0,0,0,1,20250201,20260226
259656,0,0,0,0,0,0,1,20250201,20260226
259657,0,0,0,0,0,0,1,20250201,20260226
259670,1,1,1,1,1,0,0,20250201,20250302
259672,0,0,0,0,0,1,1,20250201,20250302
259695,1,1,1,1,0,0,0,20250201,20250302
259696,1,1,1,1,0,0,0,20250201,20250302
259697,0,0,0,0,1,0,0,20250201,20250302
259698,0,0,0,0,1,0,0,20250201,20250302
259699,0,0,0,0,1,0,1,20250201,20250302
259700,1,1,1,1,1,0,0,20250201,20250302
259701,0,0,0,0,0,1,1,20250201,20250302
259702,1,1,1,1,1,0,0,20250120,20321231
259703,1,1,1,1,1,0,0,20250120,20321231
259704,1,1,1,1,1,0,0,20250201,20250302
259705,0,0,0,0,0,1,1,20250201,20250302
259707,1,1,1,1,1,0,0,20250120,20321231
259712,1,1,1,1,1,0,0,20250201,20260226
259713,1,1,1,1,1,0,0,20250201,20260226
259714,1,1,1,1,1,0,0,20250201,20260226
259715,0,0,0,0,0,1,0,20250201,20260226
259716,0,0,0,0,0,1,0,20250201,20260226
259717,0,0,0,0,0,0,1,20250201,20260226
259718,1,1,1,1,1,1,1,20250127,20250302
259719,1,1,1,1,1,1,1,20250127,20250302
259720,1,1,1,1,1,1,1,20250127,20250302
259721,1,1,1,1,1,1,1,20250127,20250302
259722,1,1,1,1,1,0,0,20250120,20260226
259723,1,1,1,1,1,0,0,20250120,20260226
259724,1,1,1,1,1,1,1,20250127,20250302
259725,0,0,0,0,1,1,1,20250127,20250302
259726,1,1,1,1,1,1,1,20250127,20250302
259727,1,1,1,1,1,1,1,20250127,20250302
259728,1,1,1,1,1,1,1,20250127,20250302
259729,1,1,1,1,1,1,1,20250127,20250302
259770,1,1,1,1,1,0,0,20250201,20250302
259771,1,1,1,1,1,0,0,20250201,20250302
259772,0,0,0,0,0,1,0,20250201,20250302
259773,1,1,1,1,1,0,0,20250201,20250302
259774,0,0,0,0,0,1,0,20250201,20250302
259791,1,0,1,0,1,0,0,20250201,20250302
259792,1,0,1,0,1,0,0,20250201,20250302
259793,0,1,0,1,0,0,0,20250201,20250302
259794,0,1,0,1,0,0,0,20250201,20250302
259798,1,1,1,1,1,0,0,20250201,20250302
259799,0,0,0,0,0,1,0,20250201,20250302
259800,0,0,0,0,0,0,1,20250201,20250302
259801,1,1,1,1,1,0,0,20250201,20260226
259802,0,0,0,0,0,1,0,20250201,20260226
259804,1,1,1,1,1,0,0,20250201,20250302
259805,1,1,1,1,1,1,1,20250127,20250302
259806,1,1,1,1,1,1,1,20250127,20250302
259807,1,1,1,1,1,1,1,20250127,20250302
259808,1,1,1,1,1,1,1,20250127,20250302
259809,1,1,1,1,1,1,1,20250127,20250302
259810,1,1,1,1,1,1,1,20250127,20250302
259811,1,1,1,1,1,1,1,20250127,20250302
259812,1,1,1,1,1,1,1,20250127,20250302
259813,1,1,1,1,1,1,1,20250127,20250302
259814,1,1,1,1,1,0,0,20250201,20250302
259815,1,1,1,1,1,0,0,20250201,20250302
259816,1,1,1,1,1,0,0,20250201,20250302
259817,1,1,1,1,1,0,0,20250201,20250302
259818,1,1,1,1,1,0,0,20250201,20250302
259819,1,1,1,1,1,0,0,20250201,20250302
259820,0,0,0,0,0,1,0,20250201,20250302
259821,0,0,0,0,0,1,0,20250201,20250302
259822,0,0,0,0,0,1,0,20250201,20250302
259823,0,0,0,0,0,1,0,20250201,20250302
259824,0,0,0,0,0,1,0,20250201,20250302
259825,0,0,0,0,0,1,0,20250201,20250302
259826,0,0,0,0,0,0,1,20250201,20250302
259827,0,0,0,0,0,0,1,20250201,20250302
259828,0,0,0,0,0,0,1,20250201,20250302
259829,0,0,0,0,0,1,0,20250201,20260226
259830,0,0,0,0,0,1,0,20250201,20260226
259831,0,0,0,0,0,1,0,20250201,20260226
259832,0,0,0,0,0,1,0,20250201,20260226
259833,0,0,0,0,0,1,0,20250201,20260226
259834,0,0,0,0,0,1,0,20250201,20260226
259835,0,0,0,0,0,1,0,20250201,20260226
259836,0,0,0,0,0,1,0,20250201,20260226
259837,0,0,0,0,0,1,0,20250201,20260226
259838,0,0,0,0,0,1,0,20250201,20260226
259839,0,0,0,0,0,1,0,20250201,20260226
259840,0,0,0,0,0,1,0,20250201,20260226
259841,0,0,0,0,0,1,0,20250201,20260226
259842,0,0,0,0,0,1,0,20250201,20260226
259843,0,0,0,0,0,1,0,20250201,20260226
259844,0,0,0,0,0,1,0,20250201,20260226
259845,1,1,1,1,0,0,0,20250127,20250302
259847,1,1,1,1,1,0,0,20250127,20250302
259848,1,1,1,1,1,1,1,20250127,20250302
259849,1,1,1,1,1,1,1,20250127,20250302
259850,0,0,0,0,0,1,1,20250127,20250302
259851,0,0,0,0,1,1,1,20250127,20250302
259852,1,1,1,1,1,0,0,20250127,20250302
259856,1,1,1,1,1,0,0,20250127,20250302
259857,1,1,1,1,1,1,1,20250127,20250302
259868,1,1,1,1,1,1,1,20250201,20250302
259872,1,1,1,1,1,1,1,20250201,20250302
259889,1,1,1,1,1,1,1,20250127,20250302
259890,1,1,1,1,1,1,1,20250127,20250302
259891,1,1,1,1,1,1,1,20250127,20250302
259892,1,1,1,1,1,1,1,20250127,20250302
259893,1,1,1,1,1,1,1,20250127,20250302
259894,1,1,1,1,1,1,1,20250127,20250302
259895,1,1,1,1,1,1,1,20250127,20250302
259896,1,1,1,1,1,1,1,20250127,20250302
259897,1,1,1,1,1,1,1,20250127,20250302
259898,1,1,1,1,1,1,1,20250127,20250302
259899,1,1,1,1,1,1,1,20250127,20250302
259900,1,1,1,1,1,1,1,20250127,20250302
259901,1,1,1,1,1,1,1,20250127,20250302
259902,1,1,1,1,1,1,1,20250127,20250302
259903,1,1,1,1,1,1,1,20250127,20250302
259904,1,1,1,1,1,1,1,20250127,20250302
259905,0,0,0,0,0,1,1,20250127,20250302
259906,0,0,0,0,0,1,1,20250127,20300630
259907,1,1,1,1,1,0,0,20250127,20300630
259908,1,1,1,1,1,1,1,20250127,20300630
259909,1,1,1,1,1,1,1,20250127,20300630
259910,1,1,1,1,1,1,1,20250127,20300630
259911,0,0,0,0,0,1,1,20250127,20300630
259912,1,1,1,1,1,1,1,20250127,20300630
259913,1,1,1,1,1,1,1,20250127,20300630
259914,1,1,1,1,1,1,1,20250127,20300630
259915,1,1,1,1,1,1,1,20250127,20300630
259916,1,1,1,1,1,1,1,20250127,20300630
259917,1,1,1,1,1,1,1,20250127,20300630
259918,1,1,1,1,1,1,1,20250127,20300630
259919,1,1,1,1,1,1,1,20250127,20300630
259920,1,1,1,1,1,0,0,20250127,20300630
259921,1,1,1,1,1,0,0,20250127,20300630
259922,1,1,1,1,1,1,1,20250127,20300630
259923,0,0,0,0,0,0,1,20250201,20260226
259924,0,0,0,0,0,0,1,20250201,20260226
259925,0,0,0,0,0,0,1,20250201,20260226
259926,0,0,0,0,0,0,1,20250201,20260226
259927,0,0,0,0,0,0,1,20250201,20260226
259928,0,0,0,0,0,0,1,20250201,20260226
259929,0,0,0,0,0,0,1,20250201,20260226
259930,0,0,0,0,0,0,1,20250201,20260226
259931,0,0,0,0,0,0,1,20250201,20260226
259932,0,0,0,0,0,0,1,20250201,20260226
259933,0,0,0,0,0,0,1,20250201,20260226
259934,0,0,0,0,0,0,1,20250201,20260226
259935,0,0,0,0,0,0,1,20250201,20260226
259936,0,0,0,0,0,0,1,20250201,20260226
259937,0,0,0,0,0,0,1,20250201,20260226
259938,0,0,0,0,0,0,1,20250201,20260226
259939,0,0,0,0,0,1,1,20250127,20300630
259940,1,1,1,1,1,0,0,20250127,20300630
259941,1,1,1,1,1,0,0,20250127,20300630
259942,1,1,1,1,1,0,0,20250127,20300630
259943,1,1,1,1,1,0,0,20250127,20300630
259944,1,1,1,1,1,0,0,20250127,20300630
259945,0,0,0,0,0,1,1,20250127,20300630
259948,1,1,1,1,1,0,0,20250127,20300630
259949,1,1,1,1,1,0,0,20250127,20300630
259950,1,1,1,1,1,0,0,20250127,20300630
259951,0,0,0,0,0,1,1,20250127,20300630
259952,1,1,1,1,1,0,0,20250127,20300630
259953,1,1,1,1,1,0,0,20250127,20300630
259954,1,1,1,1,1,0,0,20250127,20300630
259956,1,1,1,1,1,0,0,20250127,20300630
259957,1,1,1,1,1,0,0,20250127,20300630
259958,1,1,1,1,1,0,0,20250127,20300630
259959,0,0,0,0,0,1,1,20250127,20300630
259960,0,0,0,0,0,1,1,20250127,20300630
259962,0,0,0,0,0,1,1,20250127,20300630
259963,0,0,0,0,0,1,1,20250127,20300630
259965,1,1,1,1,1,0,0,20250127,20300630
259966,1,1,1,1,1,1,1,20250127,20300630
259967,0,0,0,0,0,1,1,20250127,20300630
259968,0,0,0,0,0,1,1,20250127,20300630
259969,0,0,0,0,0,1,1,20250127,20300630
259970,1,1,1,1,1,1,1,20250127,20300630
259971,1,1,1,1,1,1,1,20250127,20300630
259972,1,1,1,1,1,1,1,20250127,20300630
259973,1,1,1,1,1,0,0,20250127,20300630
259974,1,1,1,1,1,1,1,20250127,20300630
260003,1,1,1,1,1,0,0,20250127,20300630
260015,1,1,1,1,1,0,0,20250127,20300630
260027,1,1,1,1,1,1,1,20250127,20250302
260028,1,1,1,1,1,1,1,20250127,20250302
260029,1,1,1,1,1,1,1,20250127,20250302
260030,1,1,1,1,1,1,1,20250127,20250302
260031,1,1,1,1,1,1,1,20250127,20250302
260032,1,1,1,1,1,1,1,20250127,20250302
260033,1,1,1,1,1,1,1,20250127,20250302
260034,1,1,1,1,1,1,1,20250127,20250302
260035,1,1,1,1,1,1,1,20250127,20250302
260036,1,1,1,1,1,0,0,20250127,20250302
260037,1,1,1,1,1,1,1,20250127,20250302
260038,1,1,1,1,1,1,1,20250127,20250302
260039,1,1,1,1,1,1,1,20250127,20250302
260040,1,1,1,1,1,1,1,20250127,20250302
260041,1,1,1,1,1,0,0,20250127,20250302
260042,1,1,1,1,1,1,1,20250127,20250302
260043,1,1,1,1,1,1,1,20250127,20250302
260044,1,1,1,1,1,1,1,20250127,20250302
260045,1,1,1,1,1,1,1,20250127,20250302
260046,1,1,1,1,1,1,1,20250127,20250302
260047,1,1,1,1,1,1,1,20250127,20250302
260048,1,1,1,1,1,1,1,20250127,20250302
260049,1,1,1,1,1,0,0,20250127,20250302
260050,1,1,1,1,1,1,1,20250127,20250302
260051,1,1,1,1,1,1,1,20250127,20250302
260052,1,1,1,1,1,1,1,20250127,20250302
260053,1,1,1,1,1,1,1,20250127,20250302
260054,1,1,1,1,1,0,0,20250127,20250302
260055,1,1,1,1,1,1,1,20250127,20250302
260056,1,1,1,1,1,1,1,20250127,20250302
260069,1,1,1,1,1,0,0,20250301,20300930
260096,1,1,1,1,1,0,0,20250201,20300731
260097,0,0,0,0,0,1,1,20250201,20300731
260098,1,1,1,1,1,0,0,20250201,20300731
260125,1,1,1,1,1,1,1,20250201,20290630
260137,0,0,0,0,0,1,1,20250127,20260226
260138,1,1,1,1,1,1,1,20250127,20260226
260139,1,1,1,1,1,1,1,20250127,20300331
260140,0,0,0,0,0,0,1,20250127,20260226
260143,1,1,1,1,1,0,0,20250127,20260226
260144,1,1,1,1,1,0,0,20250301,20300930
260145,1,1,1,1,1,1,1,20250127,20300331
260146,1,1,1,1,1,1,0,20250127,20300331
260147,0,0,0,0,1,0,1,20250127,20300331
260148,1,1,1,1,1,0,0,20250127,20300331
260149,1,1,1,1,1,0,0,20250127,20300331
260150,1,1,1,1,1,0,0,20250127,20300331
260151,1,1,1,1,1,1,1,20250127,20300331
260160,1,1,1,1,1,1,1,20250301,20290630
260170,0,1,0,1,0,1,1,20250301,20290630
260171,0,1,0,1,0,1,1,20250301,20290630
260172,1,0,1,0,1,0,0,20250301,20290630
260173,1,0,1,0,1,0,0,20250301,20290630
260174,1,0,1,0,1,0,0,20250301,20300930
260187,0,0,0,0,1,0,0,20250201,20260226
260188,1,1,1,1,0,0,0,20250201,20260226
260189,0,0,0,0,1,0,0,20250201,20260226
260190,1,1,1,1,1,0,0,20250201,20260226
260191,1,1,1,1,1,0,0,20250201,20260226
260199,1,1,1,1,1,0,0,20241104,20260226
260200,1,1,1,1,1,0,0,20250201,20260226
260201,1,1,1,1,1,0,0,20250201,20260226
260202,1,1,1,1,1,0,0,20250201,20260226
260205,1,1,1,1,1,0,0,20250201,20260226
260222,0,1,1,1,1,0,0,20250301,20300930
260223,0,1,1,1,1,0,0,20250301,20300930
260291,0,0,0,0,0,1,0,20241206,20260226
260379,1,1,1,1,1,0,0,20250201,20260226
260380,1,1,1,1,1,0,0,20250201,20260226
260381,1,1,1,1,1,0,0,20250201,20260226
260382,0,0,0,0,0,1,1,20250201,20260226
260383,0,0,0,0,0,1,1,20250201,20260226
260404,0,0,0,0,0,1,1,20250201,20300630
260408,1,1,1,1,1,0,0,20250201,20300630
260474,1,1,1,1,1,0,0,20250127,20300331
260480,1,1,1,1,1,0,0,20250201,20260226
260481,1,1,1,1,1,0,0,20250201,20260226
260523,1,1,1,1,1,0,0,20250201,20260226
260524,0,0,0,0,0,0,1,20241104,20260226
260527,0,0,0,0,0,1,0,20240809,20260226
260563,0,0,0,0,0,1,0,20250201,20300731
260564,0,0,0,0,0,1,1,20250201,20300731
260565,1,1,1,1,1,0,0,20250201,20300731
260566,1,1,1,1,1,1,1,20250201,20300731
260567,1,1,1,1,1,0,0,20250201,20300731
260568,1,1,1,1,1,0,0,20250201,20300731
260569,1,1,1,1,1,0,0,20250201,20300731
260570,1,1,1,1,1,0,0,20250201,20300731
260572,1,1,1,1,1,0,0,20250201,20300731
260573,1,1,1,1,1,0,0,20250201,20300731
260574,0,0,0,0,0,1,1,20250201,20300731
260654,1,1,1,1,0,0,0,20250210,20250331
260657,1,1,1,1,0,0,0,20250301,20250615
260658,1,1,1,1,0,0,0,20250301,20250615
260671,1,1,1,1,1,0,0,20250301,20280930
260692,1,1,1,1,1,1,1,20250303,20250331
260693,1,1,1,1,1,1,1,20250303,20250331
260694,1,1,1,1,1,1,1,20250303,20250331
260695,1,1,1,1,1,0,0,20250303,20250331
260696,1,1,1,1,1,1,1,20250303,20250331
260697,1,1,1,1,1,1,1,20250303,20250331
260698,1,1,1,1,1,1,1,20250303,20250331
260699,1,1,1,1,1,1,1,20250303,20250331
260700,1,1,1,1,1,1,1,20250303,20250331
260701,1,1,1,1,1,1,1,20250303,20250331
260702,1,1,1,1,1,1,1,20250303,20250331
260703,1,1,1,1,1,1,1,20250303,20250331
260704,1,1,1,1,1,1,1,20250303,20250331
260705,1,1,1,1,1,1,1,20250303,20250331
260706,1,1,1,1,1,0,0,20250303,20250331
260707,1,1,1,1,1,1,1,20250303,20250331
260708,1,1,1,1,1,1,1,20250303,20250331
260709,1,1,1,1,1,1,1,20250303,20250331
260710,1,1,1,1,1,1,1,20250303,20250331
260711,1,1,1,1,1,1,1,20250303,20250331
260712,1,1,1,1,1,1,1,20250303,20250331
260713,0,0,0,0,0,1,1,20250303,20250331
260714,1,1,1,1,1,1,1,20250303,20250331
260715,1,1,1,1,1,1,1,20250303,20250331
260716,1,1,1,1,1,1,1,20250303,20250331
260717,1,1,1,1,1,1,1,20250303,20250331
260718,1,1,1,1,1,1,1,20250303,20250331
260719,1,1,1,1,1,1,1,20250303,20250331
260720,1,1,1,1,1,1,1,20250303,20250331
260721,1,1,1,1,1,1,1,20250303,20250331
260722,1,1,1,1,1,1,1,20250303,20250331
260723,1,1,1,1,1,1,1,20250303,20250331
260724,1,1,1,1,1,1,1,20250303,20250331
260725,1,1,1,1,1,1,1,20250303,20250331
260726,1,1,1,1,1,0,0,20250203,20300331
260737,0,0,0,0,1,0,0,20250301,20251231
260742,1,1,1,1,1,1,0,20250301,20280930
260748,1,1,1,1,1,1,0,20250301,20280930
260899,1,1,1,1,1,0,0,20250205,20250930
260901,1,1,1,1,1,0,0,20250205,20250930
260903,1,0,1,0,1,0,0,20250205,20250430
260904,1,0,1,0,1,0,0,20250205,20250430
260905,1,1,1,1,1,1,1,20250205,20250430
260907,0,1,0,1,0,1,1,20250205,20250430
260908,0,0,0,0,0,0,1,20250205,20250430
260909,0,1,0,1,0,1,1,20250205,20250430
260911,0,1,0,1,0,1,0,20250205,20250430
260912,1,1,1,1,1,1,0,20250205,20250302
260913,1,1,1,1,1,1,1,20250205,20250302
260932,1,1,1,1,1,1,0,20250301,20300930
260935,1,1,1,1,1,0,0,20250303,20260226
260936,1,1,1,1,1,0,0,20250303,20260226
260937,1,1,1,1,1,0,0,20250303,20260226
260938,1,1,1,1,1,0,0,20250303,20260226
260939,1,1,1,1,1,0,0,20250303,20260226
260941,1,1,1,1,1,0,0,20250303,20260226
260980,0,0,0,0,1,0,1,20250224,20250302
260981,0,0,0,0,0,1,0,20250224,20250302
260982,1,1,1,1,1,1,0,20250224,20250302
260983,1,1,1,1,1,1,1,20250224,20250302
260984,1,1,1,1,1,0,1,20250224,20250302
260985,1,0,0,0,0,0,0,20250224,20250302
260986,1,0,0,0,0,0,1,20250224,20250302
260987,0,0,0,0,1,0,0,20250224,20250302
260989,0,0,0,0,0,0,1,20250303,20250316
260990,0,0,0,0,1,0,0,20250303,20250316
260991,1,1,1,1,1,1,1,20250303,20250316
260992,1,1,1,1,1,0,1,20250303,20250316
260993,0,0,0,0,0,1,0,20250303,20250316
260994,1,1,1,1,1,1,0,20250303,20250316
261011,0,0,0,0,1,0,1,20250224,20250302
261012,0,1,1,1,1,0,0,20250224,20250302
261013,1,1,1,1,1,1,1,20250224,20250302
261014,0,0,0,1,1,0,1,20250224,20250302
261015,0,1,1,1,1,1,0,20250224,20250302
261016,1,0,0,0,0,0,0,20250224,20250302
261018,1,1,1,1,1,0,1,20250224,20250302
261019,0,1,0,0,0,0,0,20250224,20250302
261020,1,1,1,1,1,0,0,20250303,20260226
261026,1,1,1,1,1,1,1,20250317,20300316
261037,1,1,1,1,1,1,1,20250301,20300228
261043,1,1,1,1,1,0,0,20250210,20321231
261044,1,1,1,1,1,0,0,20250210,20321231
261045,0,0,0,0,1,0,1,20250303,20250323
261046,1,1,1,1,1,0,0,20250303,20250323
261047,1,1,1,1,1,1,1,20250303,20250323
261048,0,0,0,1,1,0,1,20250303,20250323
261049,1,1,1,1,1,1,0,20250303,20250323
261054,1,1,1,1,1,1,1,20250324,20250330
261055,0,0,0,1,1,0,1,20250324,20250330
261056,1,1,1,1,1,1,0,20250324,20250330
261060,0,0,0,1,1,1,1,20250324,20250330
261061,0,0,0,0,1,0,1,20250324,20250330
261062,1,1,1,1,1,0,0,20250324,20250330
261063,0,0,0,1,0,0,0,20250324,20250330
261069,0,0,0,0,0,0,1,20250317,20250323
261070,0,0,0,0,1,0,0,20250317,20250323
261071,1,1,1,1,1,1,1,20250317,20250323
261072,1,1,1,1,1,0,1,20250317,20250323
261073,0,0,0,0,0,1,0,20250317,20250323
261074,1,1,1,1,1,1,0,20250317,20250323
261075,0,0,0,0,0,1,0,20250317,20250323
261076,0,0,1,1,1,0,0,20250317,20250323
261077,0,0,0,0,1,0,0,20250324,20250330
261079,0,0,0,0,0,0,1,20250324,20250330
261080,0,0,0,0,0,1,0,20250324,20250330
261081,1,1,1,1,1,1,0,20250324,20250330
261082,1,1,1,1,1,1,1,20250324,20250330
261083,1,1,1,1,1,0,1,20250324,20250330
261084,0,0,0,0,0,1,0,20250324,20250330
261085,1,1,1,1,1,0,0,20250324,20250330
261099,1,1,1,1,1,1,1,20250303,20250315
261100,1,1,1,1,1,1,1,20250303,20250315
261101,1,1,1,1,1,1,1,20250303,20250315
261102,1,1,1,1,1,1,1,20250303,20250315
261103,1,1,1,1,1,1,1,20250303,20250315
261104,0,0,0,0,1,1,1,20250303,20250315
261105,1,1,1,1,1,1,1,20250303,20250315
261106,1,1,1,1,1,1,1,20250303,20250315
261107,1,1,1,1,1,1,1,20250303,20250315
261108,1,1,1,1,1,1,1,20250303,20250315
261109,1,1,1,1,1,1,1,20250303,20250427
261110,1,1,1,1,1,1,1,20250303,20250427
261111,1,1,1,1,1,1,1,20250303,20250427
261112,1,1,1,1,1,1,1,20250303,20250427
261113,1,1,1,1,1,1,1,20250303,20250427
261114,1,1,1,1,1,1,1,20250303,20250427
261115,1,1,1,1,1,1,1,20250303,20250427
261116,1,1,1,1,1,1,1,20250303,20250315
261117,1,1,1,1,1,1,1,20250303,20250315
261118,1,1,1,1,0,0,0,20250303,20250427
261119,1,1,1,1,1,0,0,20250303,20250315
261120,1,1,1,1,1,1,1,20250303,20250315
261121,1,1,1,1,1,1,1,20250303,20250315
261122,1,1,1,1,1,0,0,20250303,20250315
261123,1,1,1,1,1,1,1,20250303,20250315
261124,1,1,1,1,1,1,1,20250303,20250315
261125,1,1,1,1,1,0,0,20250303,20250315
261126,1,1,1,1,1,0,0,20250303,20250315
261127,1,1,1,1,1,1,1,20250303,20250315
261128,1,1,1,1,1,1,1,20250303,20250315
261129,1,1,1,1,1,1,1,20250303,20250315
261130,1,1,1,1,1,1,1,20250303,20250315
261131,1,1,1,1,1,1,1,20250303,20250315
261132,1,1,1,1,1,1,1,20250303,20250315
261133,1,1,1,1,1,1,1,20250303,20250315
261134,1,1,1,1,1,1,1,20250303,20250315
261135,1,1,1,1,1,1,1,20250303,20250315
261136,1,1,1,1,1,1,1,20250303,20250315
261137,1,1,1,1,1,1,1,20250303,20250315
261138,1,1,1,1,1,1,1,20250303,20250315
261139,1,1,1,1,1,1,1,20250303,20250315
261140,1,1,1,1,1,1,1,20250303,20250315
261141,1,1,1,1,1,1,1,20250303,20250315
261142,1,1,1,1,1,1,1,20250303,20250315
261143,1,1,1,1,1,1,1,20250303,20250315
261144,1,1,1,1,1,1,1,20250303,20250315
261145,1,1,1,1,1,1,1,20250303,20250315
261146,1,1,1,1,1,1,1,20250303,20250315
261147,1,1,1,1,1,1,1,20250303,20250315
261148,1,1,1,1,1,1,1,20250303,20250315
261149,1,1,1,1,1,0,0,20250303,20250427
261150,1,1,1,1,1,1,1,20250303,20250427
261151,0,0,0,0,0,1,1,20250303,20250427
261152,0,0,0,0,1,1,1,20250303,20250427
261153,1,1,1,1,1,0,0,20250303,20250427
261154,1,1,1,1,1,1,1,20250303,20250427
261155,1,1,1,1,1,1,1,20250303,20250427
261156,1,1,1,1,1,1,1,20250303,20250315
261157,1,1,1,1,1,1,1,20250303,20250315
261158,1,1,1,1,1,1,1,20250303,20250315
261159,1,1,1,1,1,1,1,20250303,20250315
261160,1,1,1,1,1,1,1,20250303,20250315
261161,1,1,1,1,1,1,1,20250303,20250315
261162,1,1,1,1,1,1,1,20250303,20250315
261163,1,1,1,1,1,1,1,20250303,20250315
261164,1,1,1,1,1,1,1,20250303,20250315
261165,1,1,1,1,1,1,1,20250303,20250315
261166,1,1,1,1,1,1,1,20250303,20250315
261167,1,1,1,1,1,1,1,20250303,20250315
261168,1,1,1,1,1,1,1,20250303,20250315
261169,1,1,1,1,1,1,1,20250303,20250315
261170,1,1,1,1,1,1,1,20250303,20250315
261171,1,1,1,1,1,1,1,20250303,20250315
261202,1,1,1,1,1,0,0,20250224,20250302
261203,1,0,1,1,0,0,0,20250224,20250302
261204,0,1,0,0,1,0,0,20250224,20250302
261205,1,1,1,1,1,0,0,20250224,20250302
261206,1,1,1,1,1,0,0,20250224,20250302
261207,1,1,1,1,1,0,0,20250224,20250302
261208,1,1,1,1,1,0,0,20250224,20250302
261209,1,1,1,1,1,0,0,20250224,20250302
261221,0,0,1,0,0,0,0,20250303,20260226
261222,0,0,0,0,1,0,0,20250303,20260226
261223,1,1,1,1,1,1,0,20250301,20300930
261224,1,1,1,1,1,0,0,20250301,20280930
261233,1,1,1,0,1,1,1,20250301,20300930
261234,1,1,1,1,1,0,0,20250301,20300930
261235,1,1,1,1,1,1,1,20250301,20300930
261236,1,1,1,1,1,0,0,20250301,20280930
261237,0,0,0,0,0,1,1,20250301,20280930
261240,0,0,0,0,0,1,1,20250301,20280930
261241,1,1,1,1,1,0,0,20250303,20260226
261243,0,0,0,0,0,1,1,20250303,20260226
261244,1,1,1,1,1,0,0,20250303,20260226
261255,1,1,1,1,1,1,1,20250303,20300630
261261,1,1,1,1,1,1,0,20250303,20300630
261267,1,1,1,1,0,0,0,20250303,20260226
261268,1,1,1,1,0,0,0,20250303,20260226
261269,0,0,0,0,1,0,0,20250303,20260226
261270,0,0,0,0,1,0,0,20250303,20260226
261271,0,0,0,0,1,0,1,20250303,20260226
261277,1,1,1,1,1,0,0,20250217,20300630
261278,1,1,1,1,1,0,0,20250217,20300630
261279,1,1,1,1,1,1,1,20250217,20300630
261280,1,1,1,1,1,0,0,20250217,20300630
261281,1,1,1,1,1,0,0,20250217,20300630
261282,1,1,1,1,1,1,1,20250217,20300630
261283,1,1,1,1,1,0,0,20250217,20300630
261284,1,1,1,1,1,0,0,20250217,20300630
261286,0,0,0,0,0,1,1,20250217,20300630
261287,0,0,0,0,0,1,1,20250217,20300630
261288,1,1,1,1,1,0,0,20250217,20300630
261316,1,1,1,1,1,0,0,20250303,20260226
261317,0,0,0,0,0,1,1,20250303,20260226
261323,0,1,0,1,0,0,0,20250303,20260226
261324,1,1,1,1,1,0,0,20250303,20260226
261326,1,0,1,0,1,0,0,20250303,20260226
261328,1,1,1,1,1,0,0,20250303,20260226
261329,1,1,1,1,1,0,0,20250303,20260226
261330,0,0,0,0,0,1,0,20250303,20260226
261331,1,1,1,1,1,0,0,20250303,20260226
261332,0,0,0,0,0,1,0,20250303,20260226
261333,0,0,0,0,0,1,0,20250303,20260226
261334,0,0,0,0,0,0,1,20250303,20260226
261335,1,1,1,1,1,0,0,20250303,20260226
261336,1,1,1,1,1,0,0,20250303,20260226
261337,1,1,1,1,1,0,0,20250303,20260226
261338,1,1,1,1,1,0,0,20250303,20260226
261339,1,1,1,1,1,0,0,20250303,20260226
261340,1,1,1,1,1,0,0,20250303,20260226
261341,1,1,1,1,1,0,0,20250303,20260226
261342,0,0,0,0,0,1,0,20250303,20260226
261343,0,0,0,0,0,1,0,20250303,20260226
261344,0,0,0,0,0,1,0,20250303,20260226
261345,0,0,0,0,0,1,0,20250303,20260226
261346,0,0,0,0,0,1,0,20250303,20260226
261347,0,0,0,0,0,1,0,20250303,20260226
261348,0,0,0,0,0,0,1,20250303,20260226
261349,0,0,0,0,0,0,1,20250303,20260226
261350,0,0,0,0,0,0,1,20250303,20260226
261373,0,0,0,0,1,0,1,20250301,20260630
261374,1,1,1,1,1,1,1,20250301,20280731
261389,1,1,1,1,1,1,1,20250301,20280731
261390,1,1,1,1,1,1,1,20250301,20260119
261403,1,1,1,1,1,1,1,20250303,20300930
261404,1,1,1,1,1,1,1,20250303,20300930
261554,1,1,1,1,1,1,1,20250301,20300630
261555,1,1,1,1,1,1,1,20250301,20300630
261556,1,1,1,1,1,1,1,20250301,20300630
261557,1,1,1,1,1,0,0,20250301,20300630
261558,1,1,1,1,1,1,1,20250301,20300630
261559,1,1,1,1,1,1,1,20250301,20300630
261560,1,1,1,1,1,1,1,20250301,20300630
261561,1,1,1,1,1,1,1,20250301,20300630
261562,0,0,0,0,0,1,1,20250301,20300630
261563,1,1,1,1,1,1,1,20250301,20300630
261564,1,1,1,1,1,1,0,20250301,20300630
261565,0,0,0,0,0,1,1,20250301,20300630
261576,0,0,0,0,0,0,1,20250301,20250430
261578,1,1,1,1,1,0,0,20250301,20300630
261579,1,1,1,1,1,1,1,20250301,20300630
261580,1,1,1,1,1,1,1,20250301,20300630
261581,0,0,0,0,0,1,1,20250301,20300630
261582,1,1,1,1,1,1,1,20250301,20300630
261584,1,1,1,1,1,0,0,20250301,20300630
261593,1,1,1,1,1,0,0,20250303,20260226
261594,1,1,1,1,1,0,0,20250303,20260226
261595,1,1,1,1,1,0,0,20250303,20260226
261596,1,1,1,1,1,0,0,20250303,20260226
261597,1,1,1,1,1,0,0,20250303,20260226
261598,1,1,1,1,1,0,0,20250303,20260226
261599,1,1,1,1,1,0,0,20250303,20260226
261600,1,1,1,1,1,0,0,20250303,20260226
261615,1,0,1,0,1,0,0,20250301,20250414
261616,0,0,0,0,0,1,1,20250301,20250414
261617,1,1,1,1,1,0,0,20250301,20250414
261618,0,0,0,0,1,0,0,20250301,20250414
261619,1,1,1,1,1,1,1,20250301,20250414
261620,0,1,0,1,0,1,1,20250301,20250414
261621,1,1,1,1,0,0,0,20250301,20250414
261622,1,1,1,1,1,1,1,20250301,20250414
261623,0,0,0,0,0,1,1,20250301,20250414
261661,1,1,1,1,1,0,0,20250303,20260226
261665,1,1,1,1,1,1,0,20250303,20260226
261669,0,0,0,0,0,1,0,20250303,20260226
261670,1,1,1,1,1,0,0,20250303,20260226
261674,1,1,1,1,1,0,0,20250303,20260226
261676,1,0,0,0,1,0,0,20250303,20260226
261682,1,1,1,1,1,1,1,20250303,20260226
261688,0,0,0,0,0,1,1,20250303,20260226
261690,1,1,1,1,1,0,0,20250303,20260226
261691,1,1,1,1,1,0,0,20250303,20260226
261692,1,1,1,1,1,0,0,20250303,20260226
261693,1,1,1,1,1,0,0,20250303,20260226
261694,1,1,1,1,1,0,0,20250303,20260226
261695,1,1,1,1,1,0,0,20250303,20260226
261696,1,1,1,1,1,0,0,20250303,20260226
261697,1,1,1,1,1,0,0,20250303,20260226
261698,1,1,1,1,1,0,0,20250303,20260226
261699,1,1,1,1,1,0,0,20250303,20260226
261703,0,0,0,0,0,1,1,20250303,20260226
261704,0,0,0,0,0,1,1,20250303,20260226
261705,0,0,0,0,0,1,1,20250303,20260226
261706,0,0,0,0,0,1,1,20250303,20260226
261707,0,0,0,0,0,1,1,20250303,20260226
261708,0,0,0,0,0,1,1,20250303,20260226
261709,0,0,0,0,0,1,1,20250303,20260226
261710,0,0,0,0,0,1,1,20250303,20260226
261711,0,0,0,0,0,1,1,20250303,20260226
261713,0,0,0,0,0,1,1,20250303,20260226
261714,0,0,0,0,0,1,1,20250303,20260226
261715,0,0,0,0,0,1,1,20250303,20260226
261716,1,1,1,1,1,0,0,20250303,20260226
261717,1,1,1,1,1,1,1,20250303,20260226
261723,1,1,1,1,1,1,1,20250301,20300331
261773,1,0,0,0,0,0,0,20250301,20260226
261774,0,0,0,0,1,0,0,20250301,20260226
261775,1,1,1,1,1,0,0,20250301,20260226
261776,1,1,1,1,0,0,0,20250301,20260226
261777,0,1,1,1,1,0,0,20250301,20260226
261778,1,1,1,1,1,0,0,20250303,20260226
261779,1,1,1,1,1,1,0,20250303,20260226
261780,1,1,1,1,1,0,0,20250303,20260226
261781,1,1,1,1,1,0,0,20250303,20260226
261782,0,0,0,0,0,1,1,20250303,20260226
261783,1,1,1,1,1,0,0,20250303,20260226
261785,1,0,1,0,1,0,0,20250224,20250302
261786,1,0,1,0,1,0,0,20250224,20250302
261787,1,0,1,0,1,0,0,20250224,20250302
261788,1,0,1,0,1,0,0,20250224,20250302
261792,1,0,1,0,1,0,0,20250414,20250420
261793,1,0,1,0,1,0,0,20250414,20250420
261794,1,0,1,0,1,0,0,20250414,20250420
261795,1,0,1,0,1,0,0,20250414,20250420
261796,1,0,1,0,1,0,0,20250414,20250420
261797,1,0,1,0,1,0,0,20250414,20250420
261798,1,0,1,0,1,0,0,20250414,20250420
261799,1,0,1,0,1,0,0,20250414,20250420
261800,1,0,1,0,1,0,0,20250224,20250302
261801,1,0,1,0,1,0,0,20250224,20250302
261802,1,0,1,0,1,0,0,20250224,20250302
261803,1,0,1,0,1,0,0,20250224,20250302
261804,1,0,1,0,1,0,0,20250224,20250302
261805,1,0,1,0,1,0,0,20250224,20250302
261806,1,0,1,0,1,0,0,20250224,20250302
261807,1,0,1,0,1,0,0,20250224,20250302
261808,1,0,1,0,1,0,0,20250414,20250420
261809,1,0,1,0,1,0,0,20250414,20250420
261810,1,0,1,0,1,0,0,20250414,20250420
261811,1,0,1,0,1,0,0,20250414,20250420
261821,1,1,1,1,1,0,0,20250303,20321231
261822,0,0,0,0,0,1,1,20250303,20321231
261823,1,1,1,1,1,0,1,20250303,20321231
261824,1,1,1,1,1,0,1,20250303,20321231
261825,0,0,0,0,0,0,1,20250303,20321231
261826,0,0,0,0,0,0,1,20250303,20321231
261827,1,1,1,1,1,0,0,20250303,20321231
261828,1,1,1,1,1,0,0,20250303,20321231
261829,1,1,1,1,1,0,0,20250303,20321231
261833,1,1,1,1,1,1,1,20250303,20321231
261834,1,1,1,1,1,1,1,20250303,20321231
261835,1,1,1,1,1,1,1,20250303,20321231
261837,1,1,1,1,1,0,0,20250303,20321231
261839,1,1,1,1,1,0,0,20250301,20300630
261840,0,0,0,0,0,1,1,20250415,20250614
261841,0,0,0,0,1,0,0,20250415,20250614
261843,1,1,1,1,0,0,0,20250415,20250614
261844,1,1,1,1,1,1,1,20250415,20250614
261845,0,0,0,0,0,1,1,20250415,20250614
261847,1,1,1,1,1,0,0,20250415,20250614
261848,1,1,1,1,1,1,1,20250415,20250614
261911,1,1,1,1,1,1,1,20250316,20250316
261912,1,1,1,1,1,1,1,20250316,20250316
261913,1,1,1,1,1,1,1,20250316,20250316
261914,1,1,1,1,1,1,1,20250316,20250316
261915,1,1,1,1,1,1,1,20250316,20250316
261916,0,0,0,0,1,1,1,20250316,20250316
261917,1,1,1,1,1,1,1,20250316,20250316
261918,1,1,1,1,1,1,1,20250316,20250316
261919,1,1,1,1,1,1,1,20250316,20250316
261920,1,1,1,1,1,1,1,20250316,20250316
261921,1,1,1,1,1,1,1,20250316,20250316
261922,1,1,1,1,1,1,1,20250316,20250316
261923,1,1,1,1,1,1,1,20250316,20250316
261924,1,1,1,1,1,1,1,20250316,20250316
261925,1,1,1,1,1,1,1,20250316,20250316
261926,1,1,1,1,1,1,1,20250316,20250316
261927,1,1,1,1,1,1,1,20250316,20250316
261928,1,1,1,1,1,1,1,20250316,20250316
261929,1,1,1,1,1,1,1,20250316,20250316
261931,1,1,1,1,1,1,1,20250316,20250316
261932,1,1,1,1,1,1,1,20250316,20250316
261933,1,1,1,1,1,0,0,20250316,20250316
261934,1,1,1,1,1,1,1,20250316,20250316
261935,1,1,1,1,1,1,1,20250316,20250316
261936,1,1,1,1,1,0,0,20250316,20250316
261937,1,1,1,1,1,1,1,20250316,20250316
261938,1,1,1,1,1,1,1,20250316,20250316
261939,1,1,1,1,1,0,0,20250316,20250316
261940,1,1,1,1,1,0,0,20250316,20250316
261941,1,1,1,1,1,1,1,20250316,20250316
261942,1,1,1,1,1,1,1,20250316,20250316
261943,1,1,1,1,1,1,1,20250316,20250316
261944,1,1,1,1,1,1,1,20250316,20250316
261945,1,1,1,1,1,1,1,20250316,20250316
261946,1,1,1,1,1,1,1,20250316,20250316
261947,1,1,1,1,1,1,1,20250316,20250316
261948,1,1,1,1,1,1,1,20250316,20250316
261949,1,1,1,1,1,1,1,20250316,20250316
261950,1,1,1,1,1,1,1,20250316,20250316
261951,1,1,1,1,1,1,1,20250316,20250316
261952,1,1,1,1,1,1,1,20250316,20250316
261953,1,1,1,1,1,1,1,20250316,20250316
261954,1,1,1,1,1,1,1,20250316,20250316
261955,1,1,1,1,1,1,1,20250316,20250316
261956,1,1,1,1,1,1,1,20250316,20250316
261957,1,1,1,1,1,1,1,20250316,20250316
261958,1,1,1,1,1,1,1,20250316,20250316
261959,1,1,1,1,1,1,1,20250316,20250316
261960,1,1,1,1,1,1,1,20250316,20250316
261961,1,1,1,1,1,1,1,20250316,20250316
261962,1,1,1,1,1,1,1,20250316,20250316
261963,1,1,1,1,1,1,1,20250316,20250316
261964,1,1,1,1,1,1,1,20250316,20250316
261965,1,1,1,1,1,1,1,20250316,20250316
261966,1,1,1,1,1,1,1,20250316,20250316
261967,1,1,1,1,1,1,1,20250316,20250316
261968,1,1,1,1,1,1,1,20250316,20250316
261969,1,1,1,1,1,1,1,20250316,20250316
261970,1,1,1,1,1,1,1,20250316,20250316
261971,1,1,1,1,1,1,1,20250316,20250316
261972,1,1,1,1,1,1,1,20250316,20250316
261973,1,1,1,1,1,1,1,20250316,20250316
261974,1,1,1,1,1,1,1,20250316,20250316
261975,1,1,1,1,1,1,1,20250316,20250316
261976,1,1,1,1,1,1,1,20250316,20250316
262005,0,0,0,0,0,1,1,20250303,20260226
262031,1,1,1,1,1,1,1,20250317,20250322
262032,1,1,1,1,1,1,1,20250317,20250322
262033,1,1,1,1,1,1,1,20250317,20250322
262034,1,1,1,1,1,1,1,20250317,20250322
262035,1,1,1,1,1,1,1,20250324,20250427
262036,1,1,1,1,1,1,1,20250324,20250427
262037,1,1,1,1,1,1,1,20250324,20250427
262038,1,1,1,1,1,1,1,20250324,20250427
262039,1,1,1,1,1,1,1,20250317,20250322
262040,0,0,0,0,1,1,1,20250317,20250322
262041,1,1,1,1,1,1,1,20250317,20250322
262042,1,1,1,1,1,1,1,20250317,20250322
262043,1,1,1,1,1,1,1,20250317,20250322
262044,1,1,1,1,1,1,1,20250317,20250322
262045,1,1,1,1,1,1,1,20250324,20250427
262046,0,0,0,0,1,1,1,20250324,20250427
262047,1,1,1,1,1,1,1,20250324,20250427
262048,1,1,1,1,1,1,1,20250324,20250427
262049,1,1,1,1,1,1,1,20250324,20250427
262050,1,1,1,1,1,1,1,20250324,20250427
262053,1,1,1,1,1,1,1,20250324,20250427
262054,1,1,1,1,1,1,1,20250324,20250427
262055,1,1,1,1,1,0,0,20250324,20250427
262056,1,1,1,1,1,1,1,20250324,20250427
262057,1,1,1,1,1,1,1,20250324,20250427
262058,1,1,1,1,1,0,0,20250324,20250427
262059,1,1,1,1,1,1,1,20250324,20250427
262060,1,1,1,1,1,1,1,20250324,20250427
262061,1,1,1,1,1,0,0,20250324,20250427
262062,1,1,1,1,1,0,0,20250324,20250427
262063,1,1,1,1,1,1,1,20250324,20250427
262064,1,1,1,1,1,1,1,20250324,20250427
262065,1,1,1,1,1,1,1,20250324,20250427
262066,1,1,1,1,1,1,1,20250324,20250427
262067,1,1,1,1,1,1,1,20250324,20250427
262068,1,1,1,1,1,1,1,20250324,20250427
262069,1,1,1,1,1,1,1,20250324,20250427
262070,1,1,1,1,1,1,1,20250324,20250427
262071,1,1,1,1,1,1,1,20250324,20250427
262072,1,1,1,1,1,1,1,20250324,20250427
262073,1,1,1,1,1,1,1,20250324,20250427
262074,1,1,1,1,1,1,1,20250324,20250427
262075,1,1,1,1,1,1,1,20250324,20250427
262076,1,1,1,1,1,1,1,20250324,20250427
262077,1,1,1,1,1,1,1,20250324,20250427
262078,1,1,1,1,1,1,1,20250324,20250427
262079,1,1,1,1,1,1,1,20250324,20250427
262080,1,1,1,1,1,1,1,20250324,20250427
262081,1,1,1,1,1,1,1,20250324,20250427
262082,1,1,1,1,1,1,1,20250324,20250427
262083,1,1,1,1,1,1,1,20250317,20250322
262084,1,1,1,1,1,1,1,20250317,20250322
262085,1,1,1,1,1,0,0,20250317,20250322
262086,1,1,1,1,1,1,1,20250317,20250322
262087,1,1,1,1,1,1,1,20250317,20250322
262088,1,1,1,1,1,0,0,20250317,20250322
262089,1,1,1,1,1,1,1,20250317,20250322
262090,1,1,1,1,1,1,1,20250317,20250322
262091,1,1,1,1,1,0,0,20250317,20250322
262092,1,1,1,1,1,0,0,20250317,20250322
262093,1,1,1,1,1,1,1,20250317,20250322
262094,1,1,1,1,1,1,1,20250317,20250322
262095,1,1,1,1,1,1,1,20250317,20250322
262096,1,1,1,1,1,1,1,20250317,20250322
262097,1,1,1,1,1,1,1,20250317,20250322
262098,1,1,1,1,1,1,1,20250317,20250322
262099,1,1,1,1,1,1,1,20250317,20250322
262100,1,1,1,1,1,1,1,20250317,20250322
262101,1,1,1,1,1,1,1,20250317,20250322
262102,1,1,1,1,1,1,1,20250317,20250322
262103,1,1,1,1,1,1,1,20250317,20250322
262104,1,1,1,1,1,1,1,20250317,20250322
262105,1,1,1,1,1,1,1,20250317,20250322
262106,1,1,1,1,1,1,1,20250317,20250322
262107,1,1,1,1,1,1,1,20250317,20250322
262108,1,1,1,1,1,1,1,20250317,20250322
262109,1,1,1,1,1,1,1,20250317,20250322
262110,1,1,1,1,1,1,1,20250317,20250322
262111,1,1,1,1,1,1,1,20250317,20250322
262112,1,1,1,1,1,1,1,20250317,20250322
262113,1,1,1,1,1,1,1,20250317,20250322
262114,1,1,1,1,1,1,1,20250317,20250322
262115,1,1,1,1,1,1,1,20250324,20250427
262116,1,1,1,1,1,1,1,20250324,20250427
262117,1,1,1,1,1,1,1,20250317,20250322
262118,1,1,1,1,1,1,1,20250317,20250322
262119,1,1,1,1,1,1,1,20250317,20250322
262120,1,1,1,1,1,1,1,20250317,20250322
262121,1,1,1,1,1,1,1,20250317,20250322
262122,1,1,1,1,1,1,1,20250317,20250322
262123,1,1,1,1,1,1,1,20250324,20250427
262124,1,1,1,1,1,1,1,20250324,20250427
262125,1,1,1,1,1,1,1,20250324,20250427
262126,1,1,1,1,1,1,1,20250324,20250427
262127,1,1,1,1,1,1,1,20250324,20250427
262128,1,1,1,1,1,1,1,20250324,20250427
262129,1,1,1,1,1,1,1,20250317,20250322
262130,1,1,1,1,1,1,1,20250317,20250322
262131,1,1,1,1,1,1,1,20250317,20250322
262132,1,1,1,1,1,1,1,20250317,20250322
262133,1,1,1,1,1,1,1,20250317,20250322
262134,1,1,1,1,1,1,1,20250317,20250322
262135,1,1,1,1,1,1,1,20250317,20250322
262136,1,1,1,1,1,1,1,20250317,20250322
262137,1,1,1,1,1,1,1,20250324,20250427
262138,1,1,1,1,1,1,1,20250324,20250427
262139,1,1,1,1,1,1,1,20250324,20250427
262140,1,1,1,1,1,1,1,20250324,20250427
262141,1,1,1,1,1,1,1,20250324,20250427
262142,1,1,1,1,1,1,1,20250324,20250427
262143,1,1,1,1,1,1,1,20250324,20250427
262144,1,1,1,1,1,1,1,20250324,20250427
262145,1,1,1,1,1,1,1,20250317,20250322
262146,1,1,1,1,1,1,1,20250317,20250322
262149,1,1,1,1,1,1,1,20250324,20250427
262150,1,1,1,1,1,1,1,20250324,20250427
262151,1,1,1,1,1,0,0,20240902,20260226
